Period,VI,Method,Plot_ID,Nitrogen_Level,Value,Reference_Value,Signed_Error,Absolute_Error
0429,NDVI,RTM,1,N1,0.19446713411963973,0.1835152656199651,0.010951868499674638,0.010951868499674638
0429,NDVI,RTM,2,N1,0.2425104375363024,0.20251810094843037,0.03999233658787202,0.03999233658787202
0429,NDVI,RTM,3,N1,0.21156010640076783,0.19239311726527444,0.01916698913549339,0.01916698913549339
0429,NDVI,RTM,4,N1,0.20092985316948303,0.18992438208268958,0.01100547108679345,0.01100547108679345
0429,NDVI,RTM,5,N1,0.206543790436932,0.21977553522526214,-0.013231744788330141,0.013231744788330141
0429,NDVI,RTM,6,N1,0.2205974858997229,0.2097680685222852,0.0108294173774377,0.0108294173774377
0429,NDVI,RTM,7,N3,0.5095005032050792,0.5218282516811017,-0.012327748476022471,0.012327748476022471
0429,NDVI,RTM,8,N3,0.4198827680058278,0.45519165567365555,-0.03530888766782775,0.03530888766782775
0429,NDVI,RTM,9,N3,0.4613685504668302,0.48362901380654044,-0.022260463339710268,0.022260463339710268
0429,NDVI,RTM,10,N3,0.46376159758183927,0.5649016928704829,-0.1011400952886436,0.1011400952886436
0429,NDVI,RTM,11,N3,0.35794480078903007,0.34446212753755634,0.013482673251473731,0.013482673251473731
0429,NDVI,RTM,12,N3,0.46363664774950314,0.4278329058407679,0.035803741908735254,0.035803741908735254
0429,NDVI,ELC,1,N1,0.1741333070491198,0.1835152656199651,-0.009381958570845284,0.009381958570845284
0429,NDVI,ELC,2,N1,0.22251378337607158,0.20251810094843037,0.019995682427641215,0.019995682427641215
0429,NDVI,ELC,3,N1,0.19138952083497962,0.19239311726527444,-0.001003596430294823,0.001003596430294823
0429,NDVI,ELC,4,N1,0.18049669007425753,0.18992438208268958,-0.009427692008432048,0.009427692008432048
0429,NDVI,ELC,5,N1,0.18636189114356036,0.21977553522526214,-0.03341364408170178,0.03341364408170178
0429,NDVI,ELC,6,N1,0.20037204022811025,0.2097680685222852,-0.009396028294174935,0.009396028294174935
0429,NDVI,ELC,7,N3,0.4928945397512572,0.5218282516811017,-0.028933711929844508,0.028933711929844508
0429,NDVI,ELC,8,N3,0.40181518326885646,0.45519165567365555,-0.05337647240479909,0.05337647240479909
0429,NDVI,ELC,9,N3,0.4439381924070434,0.48362901380654044,-0.039690821399497034,0.039690821399497034
0429,NDVI,ELC,10,N3,0.4463700653812478,0.5649016928704829,-0.11853162748923507,0.11853162748923507
0429,NDVI,ELC,11,N3,0.338837462633152,0.34446212753755634,-0.005624664904404331,0.005624664904404331
0429,NDVI,ELC,12,N3,0.44602950477402986,0.4278329058407679,0.018196598933261976,0.018196598933261976
0429,NDVI,ELC3,1,N1,0.2014726079261909,0.1835152656199651,0.01795734230622581,0.01795734230622581
0429,NDVI,ELC3,2,N1,0.2555937708569285,0.20251810094843037,0.05307566990849816,0.05307566990849816
0429,NDVI,ELC3,3,N1,0.22066853282604398,0.19239311726527444,0.02827541556076954,0.02827541556076954
0429,NDVI,ELC3,4,N1,0.20869277218344298,0.18992438208268958,0.0187683901007534,0.0187683901007534
0429,NDVI,ELC3,5,N1,0.21301560313275822,0.21977553522526214,-0.0067599320925039175,0.0067599320925039175
0429,NDVI,ELC3,6,N1,0.23011796179540245,0.2097680685222852,0.02034989327311726,0.02034989327311726
0429,NDVI,ELC3,7,N3,0.5575385435466276,0.5218282516811017,0.03571029186552588,0.03571029186552588
0429,NDVI,ELC3,8,N3,0.45735531841727384,0.45519165567365555,0.0021636627436182887,0.0021636627436182887
0429,NDVI,ELC3,9,N3,0.5017436855830163,0.48362901380654044,0.018114671776475855,0.018114671776475855
0429,NDVI,ELC3,10,N3,0.5046791851115201,0.5649016928704829,-0.06022250775896276,0.06022250775896276
0429,NDVI,ELC3,11,N3,0.38373581118455014,0.34446212753755634,0.039273683646993796,0.039273683646993796
0429,NDVI,ELC3,12,N3,0.5071360806527611,0.4278329058407679,0.07930317481199317,0.07930317481199317
0429,NCNI,RTM,1,N1,0.006327476872410996,0.006254898513667015,7.257835874398093e-05,7.257835874398093e-05
0429,NCNI,RTM,2,N1,0.009931980649207599,0.007182675599872435,0.002749305049335164,0.002749305049335164
0429,NCNI,RTM,3,N1,0.007454943959656827,0.006770586922052156,0.0006843570376046711,0.0006843570376046711
0429,NCNI,RTM,4,N1,0.006576259078819025,0.006270160246998863,0.00030609883182016254,0.00030609883182016254
0429,NCNI,RTM,5,N1,0.007331133017488479,0.008963643099509463,-0.0016325100820209848,0.0016325100820209848
0429,NCNI,RTM,6,N1,0.008238799536842024,0.007962567990343845,0.00027623154649817835,0.00027623154649817835
0429,NCNI,RTM,7,N3,0.04407977654761008,0.046621918046068925,-0.0025421414984588414,0.0025421414984588414
0429,NCNI,RTM,8,N3,0.02785051275001289,0.03460575004280394,-0.006755237292791049,0.006755237292791049
0429,NCNI,RTM,9,N3,0.03766033331200148,0.04473725438224718,-0.007076921070245705,0.007076921070245705
0429,NCNI,RTM,10,N3,0.03681507512194799,0.06194521740535156,-0.025130142283403573,0.025130142283403573
0429,NCNI,RTM,11,N3,0.020748554545069846,0.02158278698666135,-0.0008342324415915037,0.0008342324415915037
0429,NCNI,RTM,12,N3,0.03467297522057689,0.03128253556415649,0.0033904396564203992,0.0033904396564203992
0429,NCNI,ELC,1,N1,0.0060844304435837505,0.006254898513667015,-0.00017046807008326472,0.00017046807008326472
0429,NCNI,ELC,2,N1,0.009594574162109081,0.007182675599872435,0.002411898562236646,0.002411898562236646
0429,NCNI,ELC,3,N1,0.007183147971055295,0.006770586922052156,0.0004125610490031389,0.0004125610490031389
0429,NCNI,ELC,4,N1,0.006334327856879022,0.006270160246998863,6.416760988015892e-05,6.416760988015892e-05
0429,NCNI,ELC,5,N1,0.007059608603402352,0.008963643099509463,-0.0019040344961071117,0.0019040344961071117
0429,NCNI,ELC,6,N1,0.007939680922860067,0.007962567990343845,-2.2887067483778195e-05,2.2887067483778195e-05
0429,NCNI,ELC,7,N3,0.04303639149559196,0.046621918046068925,-0.003585526550476968,0.003585526550476968
0429,NCNI,ELC,8,N3,0.027114915901161364,0.03460575004280394,-0.0074908341416425744,0.0074908341416425744
0429,NCNI,ELC,9,N3,0.03672780123786965,0.04473725438224718,-0.00800945314437753,0.00800945314437753
0429,NCNI,ELC,10,N3,0.0359045537658788,0.06194521740535156,-0.026040663639472765,0.026040663639472765
0429,NCNI,ELC,11,N3,0.020171615411619777,0.02158278698666135,-0.0014111715750415726,0.0014111715750415726
0429,NCNI,ELC,12,N3,0.033842560251084564,0.03128253556415649,0.002560024686928071,0.002560024686928071
0429,NCNI,ELC3,1,N1,0.007549333066736136,0.006254898513667015,0.0012944345530691206,0.0012944345530691206
0429,NCNI,ELC3,2,N1,0.011897384045379046,0.007182675599872435,0.004714708445506611,0.004714708445506611
0429,NCNI,ELC3,3,N1,0.008902910744567828,0.006770586922052156,0.0021323238225156712,0.0021323238225156712
0429,NCNI,ELC3,4,N1,0.00787119850500567,0.006270160246998863,0.0016010382580068077,0.0016010382580068077
0429,NCNI,ELC3,5,N1,0.008647680131558675,0.008963643099509463,-0.00031596296795078846,0.00031596296795078846
0429,NCNI,ELC3,6,N1,0.009807559980967084,0.007962567990343845,0.0018449919906232386,0.0018449919906232386
0429,NCNI,ELC3,7,N3,0.056486115681940195,0.046621918046068925,0.00986419763587127,0.00986419763587127
0429,NCNI,ELC3,8,N3,0.034847470743482774,0.03460575004280394,0.00024172070067883522,0.00024172070067883522
0429,NCNI,ELC3,9,N3,0.047113126625821095,0.04473725438224718,0.002375872243573912,0.002375872243573912
0429,NCNI,ELC3,10,N3,0.04621029423025616,0.06194521740535156,-0.0157349231750954,0.0157349231750954
0429,NCNI,ELC3,11,N3,0.025260672830314124,0.02158278698666135,0.003677885843652775,0.003677885843652775
0429,NCNI,ELC3,12,N3,0.044122296693509276,0.03128253556415649,0.012839761129352784,0.012839761129352784
0429,NDWI_1640,RTM,1,N1,-0.03711963867323267,-0.07697757680062957,0.0398579381273969,0.0398579381273969
0429,NDWI_1640,RTM,2,N1,-0.009635515774583712,-0.07107227785985265,0.06143676208526894,0.06143676208526894
0429,NDWI_1640,RTM,3,N1,-0.01750281569412022,-0.07026040628443309,0.05275759059031286,0.05275759059031286
0429,NDWI_1640,RTM,4,N1,-0.026000799666864124,-0.07563605052740571,0.04963525086054159,0.04963525086054159
0429,NDWI_1640,RTM,5,N1,-0.02456696665780617,-0.05266112759205456,0.02809416093424839,0.02809416093424839
0429,NDWI_1640,RTM,6,N1,-0.012927012752604303,-0.0621690592863307,0.049242046533726394,0.049242046533726394
0429,NDWI_1640,RTM,7,N3,0.16799847954359678,0.11602529045753802,0.05197318908605876,0.05197318908605876
0429,NDWI_1640,RTM,8,N3,0.11345103729590053,0.07921212571955023,0.0342389115763503,0.0342389115763503
0429,NDWI_1640,RTM,9,N3,0.14018525599302545,0.09676587220642427,0.04341938378660118,0.04341938378660118
0429,NDWI_1640,RTM,10,N3,0.14647262447205886,0.15531526062641254,-0.008842636154353684,0.008842636154353684
0429,NDWI_1640,RTM,11,N3,0.07306363306006651,0.01614461901455678,0.05691901404550973,0.05691901404550973
0429,NDWI_1640,RTM,12,N3,0.13432444290960652,0.06332639814725052,0.070998044762356,0.070998044762356
0429,NDWI_1640,ELC,1,N1,-0.04848958601529652,-0.07697757680062957,0.028487990785333046,0.028487990785333046
0429,NDWI_1640,ELC,2,N1,-0.021023221986082825,-0.07107227785985265,0.05004905587376983,0.05004905587376983
0429,NDWI_1640,ELC,3,N1,-0.028902441120470433,-0.07026040628443309,0.04135796516396265,0.04135796516396265
0429,NDWI_1640,ELC,4,N1,-0.03739130759250405,-0.07563605052740571,0.03824474293490166,0.03824474293490166
0429,NDWI_1640,ELC,5,N1,-0.03600851422428289,-0.05266112759205456,0.01665261336777167,0.01665261336777167
0429,NDWI_1640,ELC,6,N1,-0.024228308857605428,-0.0621690592863307,0.03794075042872527,0.03794075042872527
0429,NDWI_1640,ELC,7,N3,0.1568542416140022,0.11602529045753802,0.04082895115646416,0.04082895115646416
0429,NDWI_1640,ELC,8,N3,0.10218197752770437,0.07921212571955023,0.02296985180815414,0.02296985180815414
0429,NDWI_1640,ELC,9,N3,0.12911145328533802,0.09676587220642427,0.03234558107891375,0.03234558107891375
0429,NDWI_1640,ELC,10,N3,0.1353180537301426,0.15531526062641254,-0.019997206896269937,0.019997206896269937
0429,NDWI_1640,ELC,11,N3,0.06179210705738513,0.01614461901455678,0.04564748804282835,0.04564748804282835
0429,NDWI_1640,ELC,12,N3,0.1231221992987564,0.06332639814725052,0.05979580115150587,0.05979580115150587
0429,NDWI_1640,ELC3,1,N1,-0.06320277776786462,-0.07697757680062957,0.013774799032764948,0.013774799032764948
0429,NDWI_1640,ELC3,2,N1,-0.035119452716608136,-0.07107227785985265,0.035952825143244514,0.035952825143244514
0429,NDWI_1640,ELC3,3,N1,-0.04316528707573615,-0.07026040628443309,0.027095119208696936,0.027095119208696936
0429,NDWI_1640,ELC3,4,N1,-0.0519351184938449,-0.07563605052740571,0.023700932033560815,0.023700932033560815
0429,NDWI_1640,ELC3,5,N1,-0.04917474034164373,-0.05266112759205456,0.0034863872504108315,0.0034863872504108315
0429,NDWI_1640,ELC3,6,N1,-0.03809193595556839,-0.0621690592863307,0.024077123330762312,0.024077123330762312
0429,NDWI_1640,ELC3,7,N3,0.14873894074871533,0.11602529045753802,0.0327136502911773,0.0327136502911773
0429,NDWI_1640,ELC3,8,N3,0.09159098529518363,0.07921212571955023,0.012378859575633394,0.012378859575633394
0429,NDWI_1640,ELC3,9,N3,0.12017351260018301,0.09676587220642427,0.02340764039375874,0.02340764039375874
0429,NDWI_1640,ELC3,10,N3,0.12651282893909982,0.15531526062641254,-0.028802431687312724,0.028802431687312724
0429,NDWI_1640,ELC3,11,N3,0.05074972504232451,0.01614461901455678,0.03460510602776773,0.03460510602776773
0429,NDWI_1640,ELC3,12,N3,0.11332051682785334,0.06332639814725052,0.049994118680602814,0.049994118680602814
0429,NRI850_1510,RTM,1,N1,-0.002744033786894126,-0.03562680307823456,0.03288276929134044,0.03288276929134044
0429,NRI850_1510,RTM,2,N1,0.03777831982959145,-0.023940483181624644,0.06171880301121609,0.06171880301121609
0429,NRI850_1510,RTM,3,N1,0.022267989232585543,-0.025625022733810905,0.04789301196639645,0.04789301196639645
0429,NRI850_1510,RTM,4,N1,0.009400157112201803,-0.03198205842121263,0.04138221553341443,0.04138221553341443
0429,NRI850_1510,RTM,5,N1,0.013149800925379573,-0.0016261604567031078,0.01477596138208268,0.01477596138208268
0429,NRI850_1510,RTM,6,N1,0.027193002624772186,-0.01311361508216461,0.0403066177069368,0.0403066177069368
0429,NRI850_1510,RTM,7,N3,0.2896969152480648,0.2468863943909142,0.04281052085715059,0.04281052085715059
0429,NRI850_1510,RTM,8,N3,0.2106521564263526,0.19016205407282888,0.02049010235352372,0.02049010235352372
0429,NRI850_1510,RTM,9,N3,0.2540854693065133,0.22027163958293414,0.033813829723579186,0.033813829723579186
0429,NRI850_1510,RTM,10,N3,0.2572418626680848,0.30201653877809254,-0.04477467611000774,0.04477467611000774
0429,NRI850_1510,RTM,11,N3,0.14689678611134901,0.09934858296474268,0.047548203146606335,0.047548203146606335
0429,NRI850_1510,RTM,12,N3,0.24008742792405893,0.16654750883578534,0.07353991908827359,0.07353991908827359
0429,NRI850_1510,ELC,1,N1,-0.005496237197379638,-0.03562680307823456,0.030130565880854925,0.030130565880854925
0429,NRI850_1510,ELC,2,N1,0.03523299512612087,-0.023940483181624644,0.05917347830774551,0.05917347830774551
0429,NRI850_1510,ELC,3,N1,0.01980760949107705,-0.025625022733810905,0.045432632224887956,0.045432632224887956
0429,NRI850_1510,ELC,4,N1,0.0067235069184332615,-0.03198205842121263,0.03870556533964589,0.03870556533964589
0429,NRI850_1510,ELC,5,N1,0.010493329893851305,-0.0016261604567031078,0.012119490350554412,0.012119490350554412
0429,NRI850_1510,ELC,6,N1,0.024465513412272308,-0.01311361508216461,0.03757912849443692,0.03757912849443692
0429,NRI850_1510,ELC,7,N3,0.287663164430712,0.2468863943909142,0.040776770039797794,0.040776770039797794
0429,NRI850_1510,ELC,8,N3,0.2082782732369496,0.19016205407282888,0.018116219164120734,0.018116219164120734
0429,NRI850_1510,ELC,9,N3,0.25160420178346943,0.22027163958293414,0.03133256220053529,0.03133256220053529
0429,NRI850_1510,ELC,10,N3,0.25468529754850333,0.30201653877809254,-0.047331241229589205,0.047331241229589205
0429,NRI850_1510,ELC,11,N3,0.1440788345110382,0.09934858296474268,0.04473025154629552,0.04473025154629552
0429,NRI850_1510,ELC,12,N3,0.23764379476962516,0.16654750883578534,0.07109628593383982,0.07109628593383982
0429,NRI850_1510,ELC3,1,N1,-0.02015067893370143,-0.03562680307823456,0.015476124144533133,0.015476124144533133
0429,NRI850_1510,ELC3,2,N1,0.021217534798327897,-0.023940483181624644,0.045158017979952544,0.045158017979952544
0429,NRI850_1510,ELC3,3,N1,0.005572796885302823,-0.025625022733810905,0.031197819619113727,0.031197819619113727
0429,NRI850_1510,ELC3,4,N1,-0.0078087339640543945,-0.03198205842121263,0.024173324457158234,0.024173324457158234
0429,NRI850_1510,ELC3,5,N1,-0.002530077427380023,-0.0016261604567031078,-0.000903916970676915,0.000903916970676915
0429,NRI850_1510,ELC3,6,N1,0.010637826304798833,-0.01311361508216461,0.023751441386963446,0.023751441386963446
0429,NRI850_1510,ELC3,7,N3,0.2804536071012192,0.2468863943909142,0.033567212710304994,0.033567212710304994
0429,NRI850_1510,ELC3,8,N3,0.19819952050024203,0.19016205407282888,0.008037466427413154,0.008037466427413154
0429,NRI850_1510,ELC3,9,N3,0.24347684966590333,0.22027163958293414,0.02320521008296919,0.02320521008296919
0429,NRI850_1510,ELC3,10,N3,0.24659223953943296,0.30201653877809254,-0.055424299238659575,0.055424299238659575
0429,NRI850_1510,ELC3,11,N3,0.1332751076138203,0.09934858296474268,0.033926524649077625,0.033926524649077625
0429,NRI850_1510,ELC3,12,N3,0.22848664445074332,0.16654750883578534,0.06193913561495798,0.06193913561495798
0429,LWVI2,RTM,1,N1,-0.009256925173174892,-0.014833916076043507,0.005576990902868615,0.005576990902868615
0429,LWVI2,RTM,2,N1,-0.0018822049012614276,-0.01221992283553886,0.010337717934277433,0.010337717934277433
0429,LWVI2,RTM,3,N1,-0.004948511458303968,-0.012293616821242286,0.0073451053629383185,0.0073451053629383185
0429,LWVI2,RTM,4,N1,-0.005986478891572233,-0.01274691682340951,0.006760437931837277,0.006760437931837277
0429,LWVI2,RTM,5,N1,-0.004750462606168198,-0.007544003868737841,0.002793541262569643,0.002793541262569643
0429,LWVI2,RTM,6,N1,-0.003583359293801567,-0.01094589407681393,0.007362534783012362,0.007362534783012362
0429,LWVI2,RTM,7,N3,0.044109297124744734,0.03798638318295005,0.006122913941794685,0.006122913941794685
0429,LWVI2,RTM,8,N3,0.030844145739743208,0.028862438080532092,0.0019817076592111155,0.0019817076592111155
0429,LWVI2,RTM,9,N3,0.035450906588326635,0.029756696054817615,0.00569421053350902,0.00569421053350902
0429,LWVI2,RTM,10,N3,0.039842862823566465,0.04658391490344121,-0.006741052079874743,0.006741052079874743
0429,LWVI2,RTM,11,N3,0.013820764905857144,0.00942192337269675,0.004398841533160393,0.004398841533160393
0429,LWVI2,RTM,12,N3,0.03392998221194609,0.02340051052167025,0.010529471690275839,0.010529471690275839
0429,LWVI2,ELC,1,N1,-0.010316854455643362,-0.014833916076043507,0.0045170616204001455,0.0045170616204001455
0429,LWVI2,ELC,2,N1,-0.0028927865721088,-0.01221992283553886,0.009327136263430059,0.009327136263430059
0429,LWVI2,ELC,3,N1,-0.006345223209944484,-0.012293616821242286,0.005948393611297802,0.005948393611297802
0429,LWVI2,ELC,4,N1,-0.0074019481909956605,-0.01274691682340951,0.005344968632413849,0.005344968632413849
0429,LWVI2,ELC,5,N1,-0.00631339619216937,-0.007544003868737841,0.0012306076765684713,0.0012306076765684713
0429,LWVI2,ELC,6,N1,-0.0052763866419766724,-0.01094589407681393,0.005669507434837257,0.005669507434837257
0429,LWVI2,ELC,7,N3,0.042798383655215426,0.03798638318295005,0.004812000472265376,0.004812000472265376
0429,LWVI2,ELC,8,N3,0.029483524467379535,0.028862438080532092,0.0006210863868474428,0.0006210863868474428
0429,LWVI2,ELC,9,N3,0.03388149805431045,0.029756696054817615,0.004124801999492833,0.004124801999492833
0429,LWVI2,ELC,10,N3,0.03843032132815247,0.04658391490344121,-0.008153593575288741,0.008153593575288741
0429,LWVI2,ELC,11,N3,0.012489206550346143,0.00942192337269675,0.0030672831776493922,0.0030672831776493922
0429,LWVI2,ELC,12,N3,0.033310650178517004,0.02340051052167025,0.009910139656846752,0.009910139656846752
0429,LWVI2,ELC3,1,N1,-0.011527363899439341,-0.014833916076043507,0.003306552176604166,0.003306552176604166
0429,LWVI2,ELC3,2,N1,-0.004041694875331307,-0.01221992283553886,0.008178227960207552,0.008178227960207552
0429,LWVI2,ELC3,3,N1,-0.007542590218627247,-0.012293616821242286,0.00475102660261504,0.00475102660261504
0429,LWVI2,ELC3,4,N1,-0.00860427339112094,-0.01274691682340951,0.004142643432288569,0.004142643432288569
0429,LWVI2,ELC3,5,N1,-0.007369203834844212,-0.007544003868737841,0.00017480003389362848,0.00017480003389362848
0429,LWVI2,ELC3,6,N1,-0.006443895738059586,-0.01094589407681393,0.004501998338754343,0.004501998338754343
0429,LWVI2,ELC3,7,N3,0.04211650534486145,0.03798638318295005,0.004130122161911401,0.004130122161911401
0429,LWVI2,ELC3,8,N3,0.02861317576216556,0.028862438080532092,-0.00024926231836653115,0.00024926231836653115
0429,LWVI2,ELC3,9,N3,0.033130164603194096,0.029756696054817615,0.0033734685483764806,0.0033734685483764806
0429,LWVI2,ELC3,10,N3,0.03770806615410013,0.04658391490344121,-0.008875848749341081,0.008875848749341081
0429,LWVI2,ELC3,11,N3,0.011488650876498406,0.00942192337269675,0.0020667275038016557,0.0020667275038016557
0429,LWVI2,ELC3,12,N3,0.03247922860561125,0.02340051052167025,0.009078718083940996,0.009078718083940996
0429,NDNI,RTM,1,N1,-0.03871444836047212,-0.004528145411732397,-0.03418630294873973,0.03418630294873973
0429,NDNI,RTM,2,N1,-0.07068769542449861,-0.014286330987162652,-0.05640136443733596,0.05640136443733596
0429,NDNI,RTM,3,N1,-0.05992402170754865,-0.013056031690267308,-0.04686799001728134,0.04686799001728134
0429,NDNI,RTM,4,N1,-0.04908713619183553,-0.008545848537447323,-0.040541287654388206,0.040541287654388206
0429,NDNI,RTM,5,N1,-0.0494722435864795,-0.02958856871482559,-0.019883674871653913,0.019883674871653913
0429,NDNI,RTM,6,N1,-0.06338159436317084,-0.021578892606373586,-0.041802701756797254,0.041802701756797254
0429,NDNI,RTM,7,N3,-0.26318864925742386,-0.21410542487151915,-0.049083224385904706,0.049083224385904706
0429,NDNI,RTM,8,N3,-0.20212006220645368,-0.17016541464297844,-0.03195464756347524,0.03195464756347524
0429,NDNI,RTM,9,N3,-0.23693936560220102,-0.19801162113949522,-0.038927744462705804,0.038927744462705804
0429,NDNI,RTM,10,N3,-0.23481020696554913,-0.2582989233083185,0.02348871634276936,0.02348871634276936
0429,NDNI,RTM,11,N3,-0.1545068522343915,-0.10679302833413293,-0.04771382390025858,0.04771382390025858
0429,NDNI,RTM,12,N3,-0.22306001400151318,-0.15493945415940277,-0.0681205598421104,0.0681205598421104
0429,NDNI,ELC,1,N1,-0.06913331326679338,-0.004528145411732397,-0.06460516785506099,0.06460516785506099
0429,NDNI,ELC,2,N1,-0.10304362180489239,-0.014286330987162652,-0.08875729081772973,0.08875729081772973
0429,NDNI,ELC,3,N1,-0.08965289582638111,-0.013056031690267308,-0.0765968641361138,0.0765968641361138
0429,NDNI,ELC,4,N1,-0.08037122197686479,-0.008545848537447323,-0.07182537343941747,0.07182537343941747
0429,NDNI,ELC,5,N1,-0.07658639791880163,-0.02958856871482559,-0.04699782920397604,0.04699782920397604
0429,NDNI,ELC,6,N1,-0.09223043889945516,-0.021578892606373586,-0.07065154629308157,0.07065154629308157
0429,NDNI,ELC,7,N3,-0.2847040047637466,-0.21410542487151915,-0.07059857989222743,0.07059857989222743
0429,NDNI,ELC,8,N3,-0.2283266012447363,-0.17016541464297844,-0.05816118660175787,0.05816118660175787
0429,NDNI,ELC,9,N3,-0.2619288409777616,-0.19801162113949522,-0.06391721983826637,0.06391721983826637
0429,NDNI,ELC,10,N3,-0.25701759285953024,-0.2582989233083185,0.0012813304487882538,0.0012813304487882538
0429,NDNI,ELC,11,N3,-0.17879145921077624,-0.10679302833413293,-0.07199843087664332,0.07199843087664332
0429,NDNI,ELC,12,N3,-0.24694640191423026,-0.15493945415940277,-0.09200694775482748,0.09200694775482748
0429,NDNI,ELC3,1,N1,-0.016522124686267438,-0.004528145411732397,-0.01199397927453504,0.01199397927453504
0429,NDNI,ELC3,2,N1,-0.05195294223223377,-0.014286330987162652,-0.03766661124507112,0.03766661124507112
0429,NDNI,ELC3,3,N1,-0.03804786324047651,-0.013056031690267308,-0.0249918315502092,0.0249918315502092
0429,NDNI,ELC3,4,N1,-0.028467195892456828,-0.008545848537447323,-0.019921347355009507,0.019921347355009507
0429,NDNI,ELC3,5,N1,-0.029773109562803865,-0.02958856871482559,-0.0001845408479782748,0.0001845408479782748
0429,NDNI,ELC3,6,N1,-0.04210655846227738,-0.021578892606373586,-0.020527665855903793,0.020527665855903793
0429,NDNI,ELC3,7,N3,-0.2460768593010168,-0.21410542487151915,-0.03197143442949765,0.03197143442949765
0429,NDNI,ELC3,8,N3,-0.1831779264429709,-0.17016541464297844,-0.013012511799992466,0.013012511799992466
0429,NDNI,ELC3,9,N3,-0.22278177996212217,-0.19801162113949522,-0.024770158822626953,0.024770158822626953
0429,NDNI,ELC3,10,N3,-0.21669248221955545,-0.2582989233083185,0.041606441088763046,0.041606441088763046
0429,NDNI,ELC3,11,N3,-0.13400788848491077,-0.10679302833413293,-0.027214860150777842,0.027214860150777842
0429,NDNI,ELC3,12,N3,-0.20277201941763898,-0.15493945415940277,-0.047832565258236204,0.047832565258236204
0531,NDVI,RTM,1,N1,0.24694671022445194,0.28066675155722937,-0.03372004133277742,0.03372004133277742
0531,NDVI,RTM,2,N1,0.27297990470143024,0.3258411201692431,-0.05286121546781286,0.05286121546781286
0531,NDVI,RTM,3,N1,0.27482590499010484,0.3137547674562926,-0.038928862466187764,0.038928862466187764
0531,NDVI,RTM,4,N1,0.24549485930622983,0.2722292217482591,-0.026734362442029258,0.026734362442029258
0531,NDVI,RTM,5,N1,0.24321764886255315,0.27279196491150537,-0.02957431604895222,0.02957431604895222
0531,NDVI,RTM,6,N1,0.2684577673826724,0.32099023941945115,-0.05253247203677874,0.05253247203677874
0531,NDVI,RTM,7,N3,0.719045046790731,0.7971675755709274,-0.07812252878019643,0.07812252878019643
0531,NDVI,RTM,8,N3,0.6737604978149857,0.7436271631242568,-0.0698666653092711,0.0698666653092711
0531,NDVI,RTM,9,N3,0.7042300276349542,0.7406966189605886,-0.036466591325634345,0.036466591325634345
0531,NDVI,RTM,10,N3,0.6661076953409752,0.8016979582512981,-0.13559026291032283,0.13559026291032283
0531,NDVI,RTM,11,N3,0.6574645290959326,0.6569832465808015,0.0004812825151310207,0.0004812825151310207
0531,NDVI,RTM,12,N3,0.7172180751084418,0.7433212930913607,-0.026103217982918925,0.026103217982918925
0531,NDVI,ELC,1,N1,0.23155756114749076,0.28066675155722937,-0.0491091904097386,0.0491091904097386
0531,NDVI,ELC,2,N1,0.25787275070709925,0.3258411201692431,-0.06796836946214385,0.06796836946214385
0531,NDVI,ELC,3,N1,0.25978244387306365,0.3137547674562926,-0.053972323583228954,0.053972323583228954
0531,NDVI,ELC,4,N1,0.23016428655887025,0.2722292217482591,-0.042064935189388836,0.042064935189388836
0531,NDVI,ELC,5,N1,0.22786537151919548,0.27279196491150537,-0.044926593392309894,0.044926593392309894
0531,NDVI,ELC,6,N1,0.2533354962536001,0.32099023941945115,-0.06765474316585107,0.06765474316585107
0531,NDVI,ELC,7,N3,0.7096555405924689,0.7971675755709274,-0.0875120349784585,0.0875120349784585
0531,NDVI,ELC,8,N3,0.6635253162014821,0.7436271631242568,-0.08010184692277467,0.08010184692277467
0531,NDVI,ELC,9,N3,0.6945781581035486,0.7406966189605886,-0.04611846085703997,0.04611846085703997
0531,NDVI,ELC,10,N3,0.6557924844328568,0.8016979582512981,-0.14590547381844132,0.14590547381844132
0531,NDVI,ELC,11,N3,0.647015203577364,0.6569832465808015,-0.009968043003437566,0.009968043003437566
0531,NDVI,ELC,12,N3,0.7077480891941452,0.7433212930913607,-0.03557320389721552,0.03557320389721552
0531,NDVI,ELC3,1,N1,0.24192394457591207,0.28066675155722937,-0.038742806981317296,0.038742806981317296
0531,NDVI,ELC3,2,N1,0.269156688050887,0.3258411201692431,-0.05668443211835611,0.05668443211835611
0531,NDVI,ELC3,3,N1,0.27141006506970167,0.3137547674562926,-0.04234470238659094,0.04234470238659094
0531,NDVI,ELC3,4,N1,0.24067586724250895,0.2722292217482591,-0.03155335450575014,0.03155335450575014
0531,NDVI,ELC3,5,N1,0.23754070056550053,0.27279196491150537,-0.03525126434600484,0.03525126434600484
0531,NDVI,ELC3,6,N1,0.26418266295977866,0.32099023941945115,-0.05680757645967249,0.05680757645967249
0531,NDVI,ELC3,7,N3,0.7382773980226536,0.7971675755709274,-0.05889017754827386,0.05889017754827386
0531,NDVI,ELC3,8,N3,0.6908045718862428,0.7436271631242568,-0.05282259123801403,0.05282259123801403
0531,NDVI,ELC3,9,N3,0.7219415053554322,0.7406966189605886,-0.01875511360515636,0.01875511360515636
0531,NDVI,ELC3,10,N3,0.6806823542136902,0.8016979582512981,-0.12101560403760792,0.12101560403760792
0531,NDVI,ELC3,11,N3,0.6728751912164802,0.6569832465808015,0.015891944635678668,0.015891944635678668
0531,NDVI,ELC3,12,N3,0.7355038761300238,0.7433212930913607,-0.007817416961336976,0.007817416961336976
0531,NCNI,RTM,1,N1,0.009348154840841822,0.011799788690756256,-0.002451633849914434,0.002451633849914434
0531,NCNI,RTM,2,N1,0.011297341364999146,0.015915464561782965,-0.004618123196783818,0.004618123196783818
0531,NCNI,RTM,3,N1,0.0111703846033905,0.014367015203252545,-0.003196630599862046,0.003196630599862046
0531,NCNI,RTM,4,N1,0.008694950231761972,0.009833756769033444,-0.0011388065372714713,0.0011388065372714713
0531,NCNI,RTM,5,N1,0.008998808517879138,0.011228171812779894,-0.0022293632949007564,0.0022293632949007564
0531,NCNI,RTM,6,N1,0.010836026365085358,0.014548732331865377,-0.003712705966780019,0.003712705966780019
0531,NCNI,RTM,7,N3,0.05854410900961384,0.0868428593662128,-0.028298750356598963,0.028298750356598963
0531,NCNI,RTM,8,N3,0.04704673454669737,0.0646537029856667,-0.017606968438969327,0.017606968438969327
0531,NCNI,RTM,9,N3,0.05363367758614571,0.06254215755054635,-0.008908479964400633,0.008908479964400633
0531,NCNI,RTM,10,N3,0.049994659353705846,0.09945557802190268,-0.04946091866819683,0.04946091866819683
0531,NCNI,RTM,11,N3,0.042452044420623974,0.0430466219452817,-0.0005945775246577259,0.0005945775246577259
0531,NCNI,RTM,12,N3,0.058271481912019966,0.06384081806638175,-0.005569336154361788,0.005569336154361788
0531,NCNI,ELC,1,N1,0.008665105338608772,0.011799788690756256,-0.003134683352147484,0.003134683352147484
0531,NCNI,ELC,2,N1,0.01050798328127726,0.015915464561782965,-0.005407481280505704,0.005407481280505704
0531,NCNI,ELC,3,N1,0.010395011673009666,0.014367015203252545,-0.003972003530242879,0.003972003530242879
0531,NCNI,ELC,4,N1,0.00804182747044362,0.009833756769033444,-0.0017919292985898241,0.0017919292985898241
0531,NCNI,ELC,5,N1,0.008319146123879292,0.011228171812779894,-0.0029090256889006023,0.0029090256889006023
0531,NCNI,ELC,6,N1,0.010055137815586708,0.014548732331865377,-0.004493594516278669,0.004493594516278669
0531,NCNI,ELC,7,N3,0.055728167873715054,0.0868428593662128,-0.03111469149249775,0.03111469149249775
0531,NCNI,ELC,8,N3,0.04471059885810246,0.0646537029856667,-0.019943104127564233,0.019943104127564233
0531,NCNI,ELC,9,N3,0.05102842482782667,0.06254215755054635,-0.011513732722719675,0.011513732722719675
0531,NCNI,ELC,10,N3,0.04757754557369177,0.09945557802190268,-0.05187803244821091,0.05187803244821091
0531,NCNI,ELC,11,N3,0.04036880123990523,0.0430466219452817,-0.00267782070537647,0.00267782070537647
0531,NCNI,ELC,12,N3,0.05553706726623827,0.06384081806638175,-0.008303750800143485,0.008303750800143485
0531,NCNI,ELC3,1,N1,0.009525042016736558,0.011799788690756256,-0.002274746674019699,0.002274746674019699
0531,NCNI,ELC3,2,N1,0.0115390130511361,0.015915464561782965,-0.004376451510646865,0.004376451510646865
0531,NCNI,ELC3,3,N1,0.011440905371498675,0.014367015203252545,-0.0029261098317538703,0.0029261098317538703
0531,NCNI,ELC3,4,N1,0.008869674727806608,0.009833756769033444,-0.000964082041226836,0.000964082041226836
0531,NCNI,ELC3,5,N1,0.009114474354215049,0.011228171812779894,-0.0021136974585648453,0.0021136974585648453
0531,NCNI,ELC3,6,N1,0.011027449375399751,0.014548732331865377,-0.003521282956465626,0.003521282956465626
0531,NCNI,ELC3,7,N3,0.06600198353609651,0.0868428593662128,-0.02084087583011629,0.02084087583011629
0531,NCNI,ELC3,8,N3,0.05230751006973589,0.0646537029856667,-0.012346192915930802,0.012346192915930802
0531,NCNI,ELC3,9,N3,0.06003280065823297,0.06254215755054635,-0.0025093568923133733,0.0025093568923133733
0531,NCNI,ELC3,10,N3,0.054862830097070464,0.09945557802190268,-0.04459274792483221,0.04459274792483221
0531,NCNI,ELC3,11,N3,0.04690462989487619,0.0430466219452817,0.00385800794959449,0.00385800794959449
0531,NCNI,ELC3,12,N3,0.06552314945355227,0.06384081806638175,0.0016823313871705131,0.0016823313871705131
0531,NDWI_1640,RTM,1,N1,0.04086493671023506,-0.0349205329251165,0.07578546963535157,0.07578546963535157
0531,NDWI_1640,RTM,2,N1,0.07103651757488103,0.00030172114109198653,0.07073479643378904,0.07073479643378904
0531,NDWI_1640,RTM,3,N1,0.09240823743757,-0.008145739445063895,0.1005539768826339,0.1005539768826339
0531,NDWI_1640,RTM,4,N1,0.0652883956958081,-0.03698397931384156,0.10227237500964967,0.10227237500964967
0531,NDWI_1640,RTM,5,N1,0.054018507775574404,-0.0355358932598821,0.0895544010354565,0.0895544010354565
0531,NDWI_1640,RTM,6,N1,0.07468078808382572,-0.009328771652188633,0.08400955973601436,0.08400955973601436
0531,NDWI_1640,RTM,7,N3,0.4230842207490758,0.3807191278601351,0.04236509288894069,0.04236509288894069
0531,NDWI_1640,RTM,8,N3,0.3940573462108758,0.3317175383768712,0.06233980783400461,0.06233980783400461
0531,NDWI_1640,RTM,9,N3,0.40357033192602443,0.31447751014652553,0.0890928217794989,0.0890928217794989
0531,NDWI_1640,RTM,10,N3,0.370796185987364,0.357582132938537,0.013214053048827001,0.013214053048827001
0531,NDWI_1640,RTM,11,N3,0.3648749613311436,0.2364194040526894,0.1284555572784542,0.1284555572784542
0531,NDWI_1640,RTM,12,N3,0.41929486298383567,0.31263601160811416,0.10665885137572151,0.10665885137572151
0531,NDWI_1640,ELC,1,N1,0.0015061502041940887,-0.0349205329251165,0.03642668312931059,0.03642668312931059
0531,NDWI_1640,ELC,2,N1,0.031705706087036684,0.00030172114109198653,0.0314039849459447,0.0314039849459447
0531,NDWI_1640,ELC,3,N1,0.05318327979263785,-0.008145739445063895,0.061329019237701746,0.061329019237701746
0531,NDWI_1640,ELC,4,N1,0.025782013629654422,-0.03698397931384156,0.06276599294349598,0.06276599294349598
0531,NDWI_1640,ELC,5,N1,0.014586691562873101,-0.0355358932598821,0.0501225848227552,0.0501225848227552
0531,NDWI_1640,ELC,6,N1,0.03545108957319397,-0.009328771652188633,0.044779861225382606,0.044779861225382606
0531,NDWI_1640,ELC,7,N3,0.39027973486063516,0.3807191278601351,0.009560607000500043,0.009560607000500043
0531,NDWI_1640,ELC,8,N3,0.3604557924880978,0.3317175383768712,0.028738254111226602,0.028738254111226602
0531,NDWI_1640,ELC,9,N3,0.37024212571610154,0.31447751014652553,0.055764615569576015,0.055764615569576015
0531,NDWI_1640,ELC,10,N3,0.3363623413226487,0.357582132938537,-0.021219791615888328,0.021219791615888328
0531,NDWI_1640,ELC,11,N3,0.330348805570868,0.2364194040526894,0.09392940151817858,0.09392940151817858
0531,NDWI_1640,ELC,12,N3,0.3864714856714233,0.31263601160811416,0.07383547406330915,0.07383547406330915
0531,NDWI_1640,ELC3,1,N1,-0.002827787325748344,-0.0349205329251165,0.03209274559936816,0.03209274559936816
0531,NDWI_1640,ELC3,2,N1,0.027190781512337673,0.00030172114109198653,0.026889060371245686,0.026889060371245686
0531,NDWI_1640,ELC3,3,N1,0.048365657052986184,-0.008145739445063895,0.05651139649805008,0.05651139649805008
0531,NDWI_1640,ELC3,4,N1,0.02121822950115219,-0.03698397931384156,0.058202208814993744,0.058202208814993744
0531,NDWI_1640,ELC3,5,N1,0.010590856245598999,-0.0355358932598821,0.046126749505481096,0.046126749505481096
0531,NDWI_1640,ELC3,6,N1,0.031068529040988654,-0.009328771652188633,0.04039730069317729,0.04039730069317729
0531,NDWI_1640,ELC3,7,N3,0.3838798828154919,0.3807191278601351,0.0031607549553567815,0.0031607549553567815
0531,NDWI_1640,ELC3,8,N3,0.3539787791867047,0.3317175383768712,0.022261240809833494,0.022261240809833494
0531,NDWI_1640,ELC3,9,N3,0.36417543808219416,0.31447751014652553,0.04969792793566863,0.04969792793566863
0531,NDWI_1640,ELC3,10,N3,0.3307694983801541,0.357582132938537,-0.026812634558382897,0.026812634558382897
0531,NDWI_1640,ELC3,11,N3,0.3243192675954567,0.2364194040526894,0.0878998635427673,0.0878998635427673
0531,NDWI_1640,ELC3,12,N3,0.380351971670916,0.31263601160811416,0.06771596006280184,0.06771596006280184
0531,NRI850_1510,RTM,1,N1,0.09350357479682854,0.028854170887490333,0.06464940390933821,0.06464940390933821
0531,NRI850_1510,RTM,2,N1,0.12909252088288883,0.0731503325377967,0.05594218834509214,0.05594218834509214
0531,NRI850_1510,RTM,3,N1,0.15346260075296633,0.060750982953631356,0.09271161779933498,0.09271161779933498
0531,NRI850_1510,RTM,4,N1,0.11718027262383339,0.023494841581286847,0.09368543104254654,0.09368543104254654
0531,NRI850_1510,RTM,5,N1,0.10648250351237992,0.02424847902851952,0.0822340244838604,0.0822340244838604
0531,NRI850_1510,RTM,6,N1,0.13382997521134848,0.06256527162151972,0.07126470358982877,0.07126470358982877
0531,NRI850_1510,RTM,7,N3,0.5866055552755043,0.5626990681502125,0.023906487125291753,0.023906487125291753
0531,NRI850_1510,RTM,8,N3,0.5558677123086313,0.5047655508235496,0.05110216148508173,0.05110216148508173
0531,NRI850_1510,RTM,9,N3,0.5733646160762216,0.4906470952377711,0.08271752083845046,0.08271752083845046
0531,NRI850_1510,RTM,10,N3,0.52356054232635,0.5426620172620565,-0.019101474935706575,0.019101474935706575
0531,NRI850_1510,RTM,11,N3,0.5286961823578172,0.39151593754992897,0.13718024480788826,0.13718024480788826
0531,NRI850_1510,RTM,12,N3,0.5929125924634807,0.4888071458942997,0.10410544656918103,0.10410544656918103
0531,NRI850_1510,ELC,1,N1,0.06190590763186624,0.028854170887490333,0.033051736744375906,0.033051736744375906
0531,NRI850_1510,ELC,2,N1,0.09797344948999699,0.0731503325377967,0.024823116952200297,0.024823116952200297
0531,NRI850_1510,ELC,3,N1,0.12234806611956515,0.060750982953631356,0.0615970831659338,0.0615970831659338
0531,NRI850_1510,ELC,4,N1,0.08577623942503101,0.023494841581286847,0.06228139784374417,0.06228139784374417
0531,NRI850_1510,ELC,5,N1,0.07443071664436203,0.02424847902851952,0.050182237615842507,0.050182237615842507
0531,NRI850_1510,ELC,6,N1,0.10192542351372631,0.06256527162151972,0.039360151892206596,0.039360151892206596
0531,NRI850_1510,ELC,7,N3,0.5661088572632332,0.5626990681502125,0.0034097891130207003,0.0034097891130207003
0531,NRI850_1510,ELC,8,N3,0.5343739317807299,0.5047655508235496,0.029608380957180325,0.029608380957180325
0531,NRI850_1510,ELC,9,N3,0.552237825758172,0.4906470952377711,0.06159073052040093,0.06159073052040093
0531,NRI850_1510,ELC,10,N3,0.5005988499139764,0.5426620172620565,-0.04206316734808013,0.04206316734808013
0531,NRI850_1510,ELC,11,N3,0.5063195594568893,0.39151593754992897,0.11480362190696036,0.11480362190696036
0531,NRI850_1510,ELC,12,N3,0.5734742361409078,0.4888071458942997,0.08466709024660807,0.08466709024660807
0531,NRI850_1510,ELC3,1,N1,0.05510167940870012,0.028854170887490333,0.02624750852120979,0.02624750852120979
0531,NRI850_1510,ELC3,2,N1,0.0905765558573496,0.0731503325377967,0.017426223319552903,0.017426223319552903
0531,NRI850_1510,ELC3,3,N1,0.11425555022818841,0.060750982953631356,0.053504567274557054,0.053504567274557054
0531,NRI850_1510,ELC3,4,N1,0.07845086084774111,0.023494841581286847,0.05495601926645426,0.05495601926645426
0531,NRI850_1510,ELC3,5,N1,0.0680530535155113,0.02424847902851952,0.04380457448699178,0.04380457448699178
0531,NRI850_1510,ELC3,6,N1,0.09469612504519861,0.06256527162151972,0.0321308534236789,0.0321308534236789
0531,NRI850_1510,ELC3,7,N3,0.5499140878824836,0.5626990681502125,-0.012784980267728896,0.012784980267728896
0531,NRI850_1510,ELC3,8,N3,0.5183634241502251,0.5047655508235496,0.013597873326675503,0.013597873326675503
0531,NRI850_1510,ELC3,9,N3,0.5367622619873913,0.4906470952377711,0.046115166749620184,0.046115166749620184
0531,NRI850_1510,ELC3,10,N3,0.48679521470025966,0.5426620172620565,-0.05586680256179688,0.05586680256179688
0531,NRI850_1510,ELC3,11,N3,0.4914465713869421,0.39151593754992897,0.09993063383701312,0.09993063383701312
0531,NRI850_1510,ELC3,12,N3,0.5576178748165636,0.4888071458942997,0.06881072892226386,0.06881072892226386
0531,LWVI2,RTM,1,N1,0.00366298873848188,0.00345664819500616,0.0002063405434757199,0.0002063405434757199
0531,LWVI2,RTM,2,N1,0.015917206864625853,0.018428765604483702,-0.002511558739857849,0.002511558739857849
0531,LWVI2,RTM,3,N1,0.01745984288039169,0.015637332654714692,0.0018225102256769973,0.0018225102256769973
0531,LWVI2,RTM,4,N1,0.010746421043341866,0.005727768011307154,0.005018653032034711,0.005018653032034711
0531,LWVI2,RTM,5,N1,0.007247215484184938,0.005723589756422046,0.0015236257277628923,0.0015236257277628923
0531,LWVI2,RTM,6,N1,0.014112093445237561,0.013104955286910006,0.0010071381583275554,0.0010071381583275554
0531,LWVI2,RTM,7,N3,0.15413338992481815,0.1479881968239634,0.0061451931008547345,0.0061451931008547345
0531,LWVI2,RTM,8,N3,0.139933302074344,0.13175931836927662,0.00817398370506739,0.00817398370506739
0531,LWVI2,RTM,9,N3,0.14477413515359872,0.12322293806578939,0.021551197087809323,0.021551197087809323
0531,LWVI2,RTM,10,N3,0.13271429399319074,0.13617116192831868,-0.0034568679351279497,0.0034568679351279497
0531,LWVI2,RTM,11,N3,0.12880598578709926,0.09650715297509452,0.03229883281200474,0.03229883281200474
0531,LWVI2,RTM,12,N3,0.14828053391719132,0.12109244773159991,0.027188086185591404,0.027188086185591404
0531,LWVI2,ELC,1,N1,0.0015333641698012707,0.00345664819500616,-0.0019232840252048895,0.0019232840252048895
0531,LWVI2,ELC,2,N1,0.013459746951418394,0.018428765604483702,-0.004969018653065309,0.004969018653065309
0531,LWVI2,ELC,3,N1,0.01502299545495172,0.015637332654714692,-0.000614337199762973,0.000614337199762973
0531,LWVI2,ELC,4,N1,0.008240152459043543,0.005727768011307154,0.002512384447736389,0.002512384447736389
0531,LWVI2,ELC,5,N1,0.00491711893984209,0.005723589756422046,-0.0008064708165799557,0.0008064708165799557
0531,LWVI2,ELC,6,N1,0.011561052312815455,0.013104955286910006,-0.0015439029740945513,0.0015439029740945513
0531,LWVI2,ELC,7,N3,0.15029481787384869,0.1479881968239634,0.0023066210498852713,0.0023066210498852713
0531,LWVI2,ELC,8,N3,0.13613834670642197,0.13175931836927662,0.0043790283371453465,0.0043790283371453465
0531,LWVI2,ELC,9,N3,0.14089006644945345,0.12322293806578939,0.017667128383664063,0.017667128383664063
0531,LWVI2,ELC,10,N3,0.1288294414769123,0.13617116192831868,-0.0073417204514063805,0.0073417204514063805
0531,LWVI2,ELC,11,N3,0.1249611797295901,0.09650715297509452,0.028454026754495584,0.028454026754495584
0531,LWVI2,ELC,12,N3,0.14353185394522455,0.12109244773159991,0.02243940621362464,0.02243940621362464
0531,LWVI2,ELC3,1,N1,0.001159417465349797,0.00345664819500616,-0.002297230729656363,0.002297230729656363
0531,LWVI2,ELC3,2,N1,0.012876020154313276,0.018428765604483702,-0.0055527454501704265,0.0055527454501704265
0531,LWVI2,ELC3,3,N1,0.01433507144782925,0.015637332654714692,-0.0013022612068854418,0.0013022612068854418
0531,LWVI2,ELC3,4,N1,0.007708471176221136,0.005727768011307154,0.001980703164913982,0.001980703164913982
0531,LWVI2,ELC3,5,N1,0.004528517947996469,0.005723589756422046,-0.0011950718084255772,0.0011950718084255772
0531,LWVI2,ELC3,6,N1,0.011011468827288895,0.013104955286910006,-0.0020934864596211106,0.0020934864596211106
0531,LWVI2,ELC3,7,N3,0.1471364874588787,0.1479881968239634,-0.0008517093650847185,0.0008517093650847185
0531,LWVI2,ELC3,8,N3,0.133209298954113,0.13175931836927662,0.0014499805848363634,0.0014499805848363634
0531,LWVI2,ELC3,9,N3,0.13806904879564663,0.12322293806578939,0.01484611072985724,0.01484611072985724
0531,LWVI2,ELC3,10,N3,0.12631166797761154,0.13617116192831868,-0.009859493950707149,0.009859493950707149
0531,LWVI2,ELC3,11,N3,0.12240600374013176,0.09650715297509452,0.025898850765037243,0.025898850765037243
0531,LWVI2,ELC3,12,N3,0.1406740339051518,0.12109244773159991,0.01958158617355188,0.01958158617355188
0531,NDNI,RTM,1,N1,-0.12774007104583435,-0.04714717916237488,-0.08059289188345947,0.08059289188345947
0531,NDNI,RTM,2,N1,-0.14954656325681856,-0.07011728864536554,-0.07942927461145302,0.07942927461145302
0531,NDNI,RTM,3,N1,-0.1750072237638931,-0.06228531775777371,-0.1127219060061194,0.1127219060061194
0531,NDNI,RTM,4,N1,-0.1471385344350309,-0.0420404256461302,-0.10509810878890069,0.10509810878890069
0531,NDNI,RTM,5,N1,-0.13635714072099256,-0.04206921399301639,-0.09428792672797617,0.09428792672797617
0531,NDNI,RTM,6,N1,-0.1543256865839556,-0.0652798144869916,-0.08904587209696399,0.08904587209696399
0531,NDNI,RTM,7,N3,-0.471948500854862,-0.4139470293799234,-0.058001471474938615,0.058001471474938615
0531,NDNI,RTM,8,N3,-0.4522590113242804,-0.3663005745385198,-0.08595843678576065,0.08595843678576065
0531,NDNI,RTM,9,N3,-0.46324785513099864,-0.3615024664716835,-0.10174538865931515,0.10174538865931515
0531,NDNI,RTM,10,N3,-0.41943609901639684,-0.40687476771331127,-0.012561331303085566,0.012561331303085566
0531,NDNI,RTM,11,N3,-0.4312739667431673,-0.28722202930133867,-0.14405193744182865,0.14405193744182865
0531,NDNI,RTM,12,N3,-0.48569998762420613,-0.36203641475813486,-0.12366357286607127,0.12366357286607127
0531,NDNI,ELC,1,N1,-0.11556574255808476,-0.04714717916237488,-0.06841856339570987,0.06841856339570987
0531,NDNI,ELC,2,N1,-0.1380422183012638,-0.07011728864536554,-0.06792492965589828,0.06792492965589828
0531,NDNI,ELC,3,N1,-0.16314336847059943,-0.06228531775777371,-0.10085805071282572,0.10085805071282572
0531,NDNI,ELC,4,N1,-0.13795119917150359,-0.0420404256461302,-0.09591077352537339,0.09591077352537339
0531,NDNI,ELC,5,N1,-0.1255766162381924,-0.04206921399301639,-0.08350740224517603,0.08350740224517603
0531,NDNI,ELC,6,N1,-0.14130174566565842,-0.0652798144869916,-0.07602193117866682,0.07602193117866682
0531,NDNI,ELC,7,N3,-0.45510786230836187,-0.4139470293799234,-0.04116083292843847,0.04116083292843847
0531,NDNI,ELC,8,N3,-0.43720360729572955,-0.3663005745385198,-0.07090303275720977,0.07090303275720977
0531,NDNI,ELC,9,N3,-0.4451099648231494,-0.3615024664716835,-0.08360749835146591,0.08360749835146591
0531,NDNI,ELC,10,N3,-0.4011951117882432,-0.40687476771331127,0.005679655925068083,0.005679655925068083
0531,NDNI,ELC,11,N3,-0.413775722859298,-0.28722202930133867,-0.1265536935579593,0.1265536935579593
0531,NDNI,ELC,12,N3,-0.47024632242926123,-0.36203641475813486,-0.10820990767112637,0.10820990767112637
0531,NDNI,ELC3,1,N1,-0.07744347565759793,-0.04714717916237488,-0.03029629649522305,0.03029629649522305
0531,NDNI,ELC3,2,N1,-0.09953157550262878,-0.07011728864536554,-0.029414286857263244,0.029414286857263244
0531,NDNI,ELC3,3,N1,-0.12328711224194933,-0.06228531775777371,-0.061001794484175614,0.061001794484175614
0531,NDNI,ELC3,4,N1,-0.09970809999711971,-0.0420404256461302,-0.05766767435098952,0.05766767435098952
0531,NDNI,ELC3,5,N1,-0.09121710365158096,-0.04206921399301639,-0.04914788965856457,0.04914788965856457
0531,NDNI,ELC3,6,N1,-0.10388611713506193,-0.0652798144869916,-0.03860630264807033,0.03860630264807033
0531,NDNI,ELC3,7,N3,-0.4096031256453081,-0.4139470293799234,0.004343903734615295,0.004343903734615295
0531,NDNI,ELC3,8,N3,-0.39121863105881827,-0.3663005745385198,-0.024918056520298493,0.024918056520298493
0531,NDNI,ELC3,9,N3,-0.40117545239913593,-0.3615024664716835,-0.03967298592745244,0.03967298592745244
0531,NDNI,ELC3,10,N3,-0.3603346677586295,-0.40687476771331127,0.04654009995468178,0.04654009995468178
0531,NDNI,ELC3,11,N3,-0.3696923258846324,-0.28722202930133867,-0.08247029658329375,0.08247029658329375
0531,NDNI,ELC3,12,N3,-0.42694797374725585,-0.36203641475813486,-0.06491155898912099,0.06491155898912099
0612,NDVI,RTM,1,N1,0.29124208027249676,0.333968249002793,-0.04272616873029622,0.04272616873029622
0612,NDVI,RTM,2,N1,0.2999496568376557,0.3626238642114776,-0.0626742073738219,0.0626742073738219
0612,NDVI,RTM,3,N1,0.30727613425414224,0.3032061513655422,0.004069982888600054,0.004069982888600054
0612,NDVI,RTM,4,N1,0.2593911038862464,0.2574009731319918,0.0019901307542546376,0.0019901307542546376
0612,NDVI,RTM,5,N1,0.28936736477985675,0.3140322752878416,-0.02466491050798486,0.02466491050798486
0612,NDVI,RTM,6,N1,0.3020293775723048,0.3468608521573269,-0.044831474585022124,0.044831474585022124
0612,NDVI,RTM,7,N3,0.7946117971204878,0.811932865424238,-0.017321068303750242,0.017321068303750242
0612,NDVI,RTM,8,N3,0.792879974675812,0.8100619961266864,-0.01718202145087444,0.01718202145087444
0612,NDVI,RTM,9,N3,0.7935826648671157,0.8172098574006638,-0.023627192533548058,0.023627192533548058
0612,NDVI,RTM,10,N3,0.7501156273558451,0.7878302160493464,-0.037714588693501305,0.037714588693501305
0612,NDVI,RTM,11,N3,0.7441271681688792,0.7563895917919264,-0.012262423623047192,0.012262423623047192
0612,NDVI,RTM,12,N3,0.7993143724711279,0.8087675411622067,-0.009453168691078817,0.009453168691078817
0612,NDVI,ELC,1,N1,0.27884427824212465,0.333968249002793,-0.05512397076066833,0.05512397076066833
0612,NDVI,ELC,2,N1,0.28757836253654434,0.3626238642114776,-0.07504550167493323,0.07504550167493323
0612,NDVI,ELC,3,N1,0.2949632446002512,0.3032061513655422,-0.008242906765290992,0.008242906765290992
0612,NDVI,ELC,4,N1,0.24677612637449306,0.2574009731319918,-0.010624846757498724,0.010624846757498724
0612,NDVI,ELC,5,N1,0.2767844099373592,0.3140322752878416,-0.03724786535048241,0.03724786535048241
0612,NDVI,ELC,6,N1,0.2895235128008024,0.3468608521573269,-0.05733733935652452,0.05733733935652452
0612,NDVI,ELC,7,N3,0.7878136571722523,0.811932865424238,-0.02411920825198577,0.02411920825198577
0612,NDVI,ELC,8,N3,0.7859711178761872,0.8100619961266864,-0.02409087825049916,0.02409087825049916
0612,NDVI,ELC,9,N3,0.7866900178144952,0.8172098574006638,-0.03051983958616855,0.03051983958616855
0612,NDVI,ELC,10,N3,0.7423897925512627,0.7878302160493464,-0.04544042349808375,0.04544042349808375
0612,NDVI,ELC,11,N3,0.7362626953608998,0.7563895917919264,-0.02012689643102661,0.02012689643102661
0612,NDVI,ELC,12,N3,0.7923383004228538,0.8087675411622067,-0.016429240739352924,0.016429240739352924
0612,NDVI,ELC3,1,N1,0.3037625811439291,0.333968249002793,-0.03020566785886386,0.03020566785886386
0612,NDVI,ELC3,2,N1,0.31494981672028377,0.3626238642114776,-0.047674047491193805,0.047674047491193805
0612,NDVI,ELC3,3,N1,0.32387007940292745,0.3032061513655422,0.02066392803738526,0.02066392803738526
0612,NDVI,ELC3,4,N1,0.2692561540004886,0.2574009731319918,0.011855180868496795,0.011855180868496795
0612,NDVI,ELC3,5,N1,0.30143276993817875,0.3140322752878416,-0.012599505349662865,0.012599505349662865
0612,NDVI,ELC3,6,N1,0.31552466210902835,0.3468608521573269,-0.03133619004829857,0.03133619004829857
0612,NDVI,ELC3,7,N3,0.888421231304167,0.811932865424238,0.07648836587992891,0.07648836587992891
0612,NDVI,ELC3,8,N3,0.8868863495101685,0.8100619961266864,0.07682435338348215,0.07682435338348215
0612,NDVI,ELC3,9,N3,0.8841750037269901,0.8172098574006638,0.06696514632632633,0.06696514632632633
0612,NDVI,ELC3,10,N3,0.8366618454734911,0.7878302160493464,0.04883162942414465,0.04883162942414465
0612,NDVI,ELC3,11,N3,0.8321000663330352,0.7563895917919264,0.0757104745411088,0.0757104745411088
0612,NDVI,ELC3,12,N3,0.8984753868897226,0.8087675411622067,0.08970784572751589,0.08970784572751589
0612,NCNI,RTM,1,N1,0.013830483723894709,0.01889983742141173,-0.005069353697517022,0.005069353697517022
0612,NCNI,RTM,2,N1,0.014414205419281068,0.022177879891416157,-0.00776367447213509,0.00776367447213509
0612,NCNI,RTM,3,N1,0.014256527798936854,0.015178473132044108,-0.000921945333107254,0.000921945333107254
0612,NCNI,RTM,4,N1,0.010219550050372535,0.01061541479593723,-0.0003958647455646943,0.0003958647455646943
0612,NCNI,RTM,5,N1,0.013072689798487178,0.01627254562690838,-0.003199855828421201,0.003199855828421201
0612,NCNI,RTM,6,N1,0.013462227340157342,0.019074959010865693,-0.005612731670708351,0.005612731670708351
0612,NCNI,RTM,7,N3,0.07328840918881792,0.09163673456724228,-0.01834832537842436,0.01834832537842436
0612,NCNI,RTM,8,N3,0.07308588968848272,0.09276967330216446,-0.01968378361368174,0.01968378361368174
0612,NCNI,RTM,9,N3,0.07353490442088226,0.09142736618431045,-0.017892461763428194,0.017892461763428194
0612,NCNI,RTM,10,N3,0.06500663635612455,0.09129161395217937,-0.026284977596054818,0.026284977596054818
0612,NCNI,RTM,11,N3,0.052305599805218185,0.06183818391338716,-0.009532584108168977,0.009532584108168977
0612,NCNI,RTM,12,N3,0.07024467427525141,0.08311721687430466,-0.012872542599053252,0.012872542599053252
0612,NCNI,ELC,1,N1,0.01255643304168887,0.01889983742141173,-0.006343404379722861,0.006343404379722861
0612,NCNI,ELC,2,N1,0.01308235387349214,0.022177879891416157,-0.009095526017924018,0.009095526017924018
0612,NCNI,ELC,3,N1,0.01295995864420443,0.015178473132044108,-0.002218514487839678,0.002218514487839678
0612,NCNI,ELC,4,N1,0.009234837858031253,0.01061541479593723,-0.0013805769379059765,0.0013805769379059765
0612,NCNI,ELC,5,N1,0.01186186527561452,0.01627254562690838,-0.004410680351293859,0.004410680351293859
0612,NCNI,ELC,6,N1,0.012226607858359644,0.019074959010865693,-0.0068483511525060485,0.0068483511525060485
0612,NCNI,ELC,7,N3,0.06850048467582417,0.09163673456724228,-0.023136249891418104,0.023136249891418104
0612,NCNI,ELC,8,N3,0.06837051550299347,0.09276967330216446,-0.024399157799170984,0.024399157799170984
0612,NCNI,ELC,9,N3,0.06872731887403348,0.09142736618431045,-0.022700047310276972,0.022700047310276972
0612,NCNI,ELC,10,N3,0.060712213611987434,0.09129161395217937,-0.030579400340191937,0.030579400340191937
0612,NCNI,ELC,11,N3,0.048920631219915384,0.06183818391338716,-0.012917552693471779,0.012917552693471779
0612,NCNI,ELC,12,N3,0.06575880837249622,0.08311721687430466,-0.017358408501808448,0.017358408501808448
0612,NCNI,ELC3,1,N1,0.014463564887218066,0.01889983742141173,-0.004436272534193665,0.004436272534193665
0612,NCNI,ELC3,2,N1,0.015188156062721829,0.022177879891416157,-0.006989723828694328,0.006989723828694328
0612,NCNI,ELC3,3,N1,0.015128182366874717,0.015178473132044108,-5.02907651693911e-05,5.02907651693911e-05
0612,NCNI,ELC3,4,N1,0.010620508167031686,0.01061541479593723,5.093371094456664e-06,5.093371094456664e-06
0612,NCNI,ELC3,5,N1,0.013665431803359931,0.01627254562690838,-0.0026071138235484476,0.0026071138235484476
0612,NCNI,ELC3,6,N1,0.01413105054428066,0.019074959010865693,-0.004943908466585033,0.004943908466585033
0612,NCNI,ELC3,7,N3,0.12763299966988081,0.09163673456724228,0.035996265102638536,0.035996265102638536
0612,NCNI,ELC3,8,N3,0.12720061181039563,0.09276967330216446,0.034430938508231174,0.034430938508231174
0612,NCNI,ELC3,9,N3,0.1255296364827651,0.09142736618431045,0.034102270298454654,0.034102270298454654
0612,NCNI,ELC3,10,N3,0.09939892387671732,0.09129161395217937,0.008107309924537953,0.008107309924537953
0612,NCNI,ELC3,11,N3,0.08172621453174692,0.06183818391338716,0.019888030618359753,0.019888030618359753
0612,NCNI,ELC3,12,N3,0.12962996274047067,0.08311721687430466,0.04651274586616601,0.04651274586616601
0612,NDWI_1640,RTM,1,N1,0.0007884499433447764,0.030111673351799473,-0.029323223408454696,0.029323223408454696
0612,NDWI_1640,RTM,2,N1,-0.0018490146016694113,0.036779774745192194,-0.038628789346861606,0.038628789346861606
0612,NDWI_1640,RTM,3,N1,-0.0124263630290236,-0.00042075717147562207,-0.012005605857547978,0.012005605857547978
0612,NDWI_1640,RTM,4,N1,-0.02438894458918449,-0.02032186587175573,-0.004067078717428757,0.004067078717428757
0612,NDWI_1640,RTM,5,N1,0.004854840610593078,0.02380320544222609,-0.01894836483163301,0.01894836483163301
0612,NDWI_1640,RTM,6,N1,-0.004866803466188905,0.03591013386170885,-0.04077693732789775,0.04077693732789775
0612,NDWI_1640,RTM,7,N3,0.3677482677129572,0.42030623584944676,-0.05255796813648955,0.05255796813648955
0612,NDWI_1640,RTM,8,N3,0.36945353855434226,0.41515847966554914,-0.045704941111206876,0.045704941111206876
0612,NDWI_1640,RTM,9,N3,0.36073823927500676,0.4277030451768513,-0.06696480590184456,0.06696480590184456
0612,NDWI_1640,RTM,10,N3,0.3184271440242605,0.3525044003597558,-0.0340772563354953,0.0340772563354953
0612,NDWI_1640,RTM,11,N3,0.29053175698535466,0.3623418455318489,-0.07181008854649423,0.07181008854649423
0612,NDWI_1640,RTM,12,N3,0.3663780570279491,0.41470486727920375,-0.048326810251254626,0.048326810251254626
0612,NDWI_1640,ELC,1,N1,0.008886037898753002,0.030111673351799473,-0.02122563545304647,0.02122563545304647
0612,NDWI_1640,ELC,2,N1,0.004197198237919144,0.036779774745192194,-0.03258257650727305,0.03258257650727305
0612,NDWI_1640,ELC,3,N1,0.0071451525837626295,-0.00042075717147562207,0.007565909755238251,0.007565909755238251
0612,NDWI_1640,ELC,4,N1,-0.02104836342592576,-0.02032186587175573,-0.0007264975541700289,0.0007264975541700289
0612,NDWI_1640,ELC,5,N1,0.0077215574943546505,0.02380320544222609,-0.01608164794787144,0.01608164794787144
0612,NDWI_1640,ELC,6,N1,0.0035482339176956487,0.03591013386170885,-0.0323618999440132,0.0323618999440132
0612,NDWI_1640,ELC,7,N3,0.3799533657517513,0.42030623584944676,-0.04035287009769545,0.04035287009769545
0612,NDWI_1640,ELC,8,N3,0.3674642086244605,0.41515847966554914,-0.04769427104108864,0.04769427104108864
0612,NDWI_1640,ELC,9,N3,0.3742484910765613,0.4277030451768513,-0.05345455410029004,0.05345455410029004
0612,NDWI_1640,ELC,10,N3,0.30738004158576726,0.3525044003597558,-0.045124358773988515,0.045124358773988515
0612,NDWI_1640,ELC,11,N3,0.31025344601293037,0.3623418455318489,-0.05208839951891853,0.05208839951891853
0612,NDWI_1640,ELC,12,N3,0.37606286920626203,0.41470486727920375,-0.03864199807294172,0.03864199807294172
0612,NDWI_1640,ELC3,1,N1,-0.0017270803888990906,0.030111673351799473,-0.03183875374069856,0.03183875374069856
0612,NDWI_1640,ELC3,2,N1,-0.007275424708794484,0.036779774745192194,-0.04405519945398668,0.04405519945398668
0612,NDWI_1640,ELC3,3,N1,-0.004725405051346403,-0.00042075717147562207,-0.004304647879870781,0.004304647879870781
0612,NDWI_1640,ELC3,4,N1,-0.03270325744511284,-0.02032186587175573,-0.01238139157335711,0.01238139157335711
0612,NDWI_1640,ELC3,5,N1,-0.0028035163365609885,0.02380320544222609,-0.02660672177878708,0.02660672177878708
0612,NDWI_1640,ELC3,6,N1,-0.0071597387351341624,0.03591013386170885,-0.04306987259684301,0.04306987259684301
0612,NDWI_1640,ELC3,7,N3,0.38181709923025836,0.42030623584944676,-0.0384891366191884,0.0384891366191884
0612,NDWI_1640,ELC3,8,N3,0.3686884167229937,0.41515847966554914,-0.04647006294255546,0.04647006294255546
0612,NDWI_1640,ELC3,9,N3,0.37592118127401936,0.4277030451768513,-0.05178186390283196,0.05178186390283196
0612,NDWI_1640,ELC3,10,N3,0.30579807791476,0.3525044003597558,-0.046706322444995785,0.046706322444995785
0612,NDWI_1640,ELC3,11,N3,0.3085913890807548,0.3623418455318489,-0.05375045645109411,0.05375045645109411
0612,NDWI_1640,ELC3,12,N3,0.37761160503184865,0.41470486727920375,-0.0370932622473551,0.0370932622473551
0612,NRI850_1510,RTM,1,N1,0.06663314908362347,0.10186779474198916,-0.03523464565836569,0.03523464565836569
0612,NRI850_1510,RTM,2,N1,0.06473159457775281,0.11752640475254005,-0.05279481017478724,0.05279481017478724
0612,NRI850_1510,RTM,3,N1,0.0482619793647354,0.06462947236180824,-0.016367492997072845,0.016367492997072845
0612,NRI850_1510,RTM,4,N1,0.030278718935614304,0.033750312934658605,-0.0034715939990443007,0.0034715939990443007
0612,NRI850_1510,RTM,5,N1,0.06623346050730107,0.09191283460869251,-0.02567937410139144,0.02567937410139144
0612,NRI850_1510,RTM,6,N1,0.05669000635122267,0.11198360979600117,-0.055293603444778495,0.055293603444778495
0612,NRI850_1510,RTM,7,N3,0.5472844233161496,0.6053066018785388,-0.058022178562389226,0.058022178562389226
0612,NRI850_1510,RTM,8,N3,0.549600042940851,0.6022270121364232,-0.05262696919557219,0.05262696919557219
0612,NRI850_1510,RTM,9,N3,0.5242414982951112,0.6148902815759397,-0.09064878328082848,0.09064878328082848
0612,NRI850_1510,RTM,10,N3,0.4946055450270128,0.5385403709595202,-0.043934825932507415,0.043934825932507415
0612,NRI850_1510,RTM,11,N3,0.4446869097319061,0.5376099150234722,-0.09292300529156611,0.09292300529156611
0612,NRI850_1510,RTM,12,N3,0.544925619843741,0.6039714571954741,-0.05904583735173308,0.05904583735173308
0612,NRI850_1510,ELC,1,N1,0.07613649458015939,0.10186779474198916,-0.02573130016182977,0.02573130016182977
0612,NRI850_1510,ELC,2,N1,0.0730240228017147,0.11752640475254005,-0.04450238195082534,0.04450238195082534
0612,NRI850_1510,ELC,3,N1,0.0749947698117847,0.06462947236180824,0.010365297449976454,0.010365297449976454
0612,NRI850_1510,ELC,4,N1,0.032923143447754995,0.033750312934658605,-0.0008271694869036103,0.0008271694869036103
0612,NRI850_1510,ELC,5,N1,0.06973028399314161,0.09191283460869251,-0.022182550615550897,0.022182550615550897
0612,NRI850_1510,ELC,6,N1,0.06845692667965177,0.11198360979600117,-0.0435266831163494,0.0435266831163494
0612,NRI850_1510,ELC,7,N3,0.5621096603313579,0.6053066018785388,-0.0431969415471809,0.0431969415471809
0612,NRI850_1510,ELC,8,N3,0.5527513269808336,0.6022270121364232,-0.04947568515558953,0.04947568515558953
0612,NRI850_1510,ELC,9,N3,0.5500811553988729,0.6148902815759397,-0.0648091261770668,0.0648091261770668
0612,NRI850_1510,ELC,10,N3,0.4819669147186555,0.5385403709595202,-0.05657345624086474,0.05657345624086474
0612,NRI850_1510,ELC,11,N3,0.4719404486453071,0.5376099150234722,-0.06566946637816512,0.06566946637816512
0612,NRI850_1510,ELC,12,N3,0.5557742218949064,0.6039714571954741,-0.04819723530056763,0.04819723530056763
0612,NRI850_1510,ELC3,1,N1,0.067123860141377,0.10186779474198916,-0.03474393460061216,0.03474393460061216
0612,NRI850_1510,ELC3,2,N1,0.0632079926422543,0.11752640475254005,-0.05431841211028575,0.05431841211028575
0612,NRI850_1510,ELC3,3,N1,0.06478962923403939,0.06462947236180824,0.00016015687223114305,0.00016015687223114305
0612,NRI850_1510,ELC3,4,N1,0.02256477970378298,0.033750312934658605,-0.011185533230875625,0.011185533230875625
0612,NRI850_1510,ELC3,5,N1,0.060665703573366515,0.09191283460869251,-0.031247131035325997,0.031247131035325997
0612,NRI850_1510,ELC3,6,N1,0.05929018888382309,0.11198360979600117,-0.052693420912178074,0.052693420912178074
0612,NRI850_1510,ELC3,7,N3,0.5713022421488007,0.6053066018785388,-0.03400435972973814,0.03400435972973814
0612,NRI850_1510,ELC3,8,N3,0.5614571003965989,0.6022270121364232,-0.04076991173982425,0.04076991173982425
0612,NRI850_1510,ELC3,9,N3,0.5584798652544787,0.6148902815759397,-0.05641041632146104,0.05641041632146104
0612,NRI850_1510,ELC3,10,N3,0.4869670052571611,0.5385403709595202,-0.05157336570235915,0.05157336570235915
0612,NRI850_1510,ELC3,11,N3,0.47644208903735086,0.5376099150234722,-0.06116782598612136,0.06116782598612136
0612,NRI850_1510,ELC3,12,N3,0.5648083219729354,0.6039714571954741,-0.03916313522253867,0.03916313522253867
0612,LWVI2,RTM,1,N1,0.0259447667391485,0.02400515614797083,0.0019396105911776707,0.0019396105911776707
0612,LWVI2,RTM,2,N1,0.021674511785132057,0.0251369997667231,-0.0034624879815910413,0.0034624879815910413
0612,LWVI2,RTM,3,N1,0.01797746213507841,0.014723969932148216,0.0032534922029301937,0.0032534922029301937
0612,LWVI2,RTM,4,N1,0.0168275618430133,0.009849044237761539,0.00697851760525176,0.00697851760525176
0612,LWVI2,RTM,5,N1,0.025167060022092565,0.025199019432719783,-3.19594106272178e-05,3.19594106272178e-05
0612,LWVI2,RTM,6,N1,0.022924430400320262,0.02564800622447632,-0.0027235758241560583,0.0027235758241560583
0612,LWVI2,RTM,7,N3,0.14596907291725794,0.16199008611699914,-0.016021013199741196,0.016021013199741196
0612,LWVI2,RTM,8,N3,0.14362466107738972,0.15093647416554867,-0.007311813088158953,0.007311813088158953
0612,LWVI2,RTM,9,N3,0.13532508733116283,0.15811130852054556,-0.022786221189382727,0.022786221189382727
0612,LWVI2,RTM,10,N3,0.13035982613995228,0.13353184249285432,-0.0031720163529020406,0.0031720163529020406
0612,LWVI2,RTM,11,N3,0.11368642321020732,0.13972660442625298,-0.026040181216045663,0.026040181216045663
0612,LWVI2,RTM,12,N3,0.14182716690676,0.15407506075407218,-0.012247893847312175,0.012247893847312175
0612,LWVI2,ELC,1,N1,0.02795257549000428,0.02400515614797083,0.003947419342033451,0.003947419342033451
0612,LWVI2,ELC,2,N1,0.024602802205046268,0.0251369997667231,-0.0005341975616768302,0.0005341975616768302
0612,LWVI2,ELC,3,N1,0.024507447267966886,0.014723969932148216,0.00978347733581867,0.00978347733581867
0612,LWVI2,ELC,4,N1,0.01842299715110113,0.009849044237761539,0.008573952913339592,0.008573952913339592
0612,LWVI2,ELC,5,N1,0.027166618451889158,0.025199019432719783,0.001967599019169375,0.001967599019169375
0612,LWVI2,ELC,6,N1,0.027283064451190508,0.02564800622447632,0.0016350582267141874,0.0016350582267141874
0612,LWVI2,ELC,7,N3,0.15131051170175755,0.16199008611699914,-0.010679574415241588,0.010679574415241588
0612,LWVI2,ELC,8,N3,0.14645715303756177,0.15093647416554867,-0.004479321127986907,0.004479321127986907
0612,LWVI2,ELC,9,N3,0.14482787054788757,0.15811130852054556,-0.013283437972657991,0.013283437972657991
0612,LWVI2,ELC,10,N3,0.1268635715024417,0.13353184249285432,-0.006668270990412617,0.006668270990412617
0612,LWVI2,ELC,11,N3,0.12288946546825533,0.13972660442625298,-0.016837138957997655,0.016837138957997655
0612,LWVI2,ELC,12,N3,0.1436610714990953,0.15407506075407218,-0.010413989254976885,0.010413989254976885
0612,LWVI2,ELC3,1,N1,0.027481803407570993,0.02400515614797083,0.0034766472596001637,0.0034766472596001637
0612,LWVI2,ELC3,2,N1,0.02401001302854596,0.0251369997667231,-0.0011269867381771374,0.0011269867381771374
0612,LWVI2,ELC3,3,N1,0.02386814558133902,0.014723969932148216,0.009144175649190803,0.009144175649190803
0612,LWVI2,ELC3,4,N1,0.017740095784673785,0.009849044237761539,0.007891051546912246,0.007891051546912246
0612,LWVI2,ELC3,5,N1,0.026666294742629184,0.025199019432719783,0.0014672753099094007,0.0014672753099094007
0612,LWVI2,ELC3,6,N1,0.026791948135615803,0.02564800622447632,0.0011439419111394823,0.0011439419111394823
0612,LWVI2,ELC3,7,N3,0.15362496690867042,0.16199008611699914,-0.00836511920832872,0.00836511920832872
0612,LWVI2,ELC3,8,N3,0.14862965421363303,0.15093647416554867,-0.002306819951915645,0.002306819951915645
0612,LWVI2,ELC3,9,N3,0.14696031082982855,0.15811130852054556,-0.011150997690717007,0.011150997690717007
0612,LWVI2,ELC3,10,N3,0.1285296516803171,0.13353184249285432,-0.005002190812537222,0.005002190812537222
0612,LWVI2,ELC3,11,N3,0.12452388325907549,0.13972660442625298,-0.015202721167177496,0.015202721167177496
0612,LWVI2,ELC3,12,N3,0.1458914528287135,0.15407506075407218,-0.008183607925358688,0.008183607925358688
0612,NDNI,RTM,1,N1,-0.0611332945041878,-0.09449837039900988,0.03336507589482208,0.03336507589482208
0612,NDNI,RTM,2,N1,-0.06633122175788321,-0.1076373406523841,0.04130611889450089,0.04130611889450089
0612,NDNI,RTM,3,N1,-0.05254093087816834,-0.07100793793107496,0.018467007052906617,0.018467007052906617
0612,NDNI,RTM,4,N1,-0.03465129489078578,-0.045132396582638304,0.010481101691852526,0.010481101691852526
0612,NDNI,RTM,5,N1,-0.06029884506913017,-0.08534134220023858,0.025042497131108406,0.025042497131108406
0612,NDNI,RTM,6,N1,-0.052142509562728014,-0.0965604693662996,0.044417959803571584,0.044417959803571584
0612,NDNI,RTM,7,N3,-0.41818722441502554,-0.4553342754752395,0.03714705106021399,0.03714705106021399
0612,NDNI,RTM,8,N3,-0.42414021309449007,-0.46559349801044164,0.04145328491595157,0.04145328491595157
0612,NDNI,RTM,9,N3,-0.4015539084718202,-0.4733368563118592,0.07178294784003897,0.07178294784003897
0612,NDNI,RTM,10,N3,-0.38264702591748806,-0.415804968285267,0.033157942367778914,0.033157942367778914
0612,NDNI,RTM,11,N3,-0.33388247977989277,-0.4024803435033127,0.06859786372341992,0.06859786372341992
0612,NDNI,RTM,12,N3,-0.4216062693861735,-0.4654816188212249,0.04387534943505139,0.04387534943505139
0612,NDNI,ELC,1,N1,-0.09658485950980254,-0.09449837039900988,-0.0020864891107926636,0.0020864891107926636
0612,NDNI,ELC,2,N1,-0.1034295810263992,-0.1076373406523841,0.004207759625984908,0.004207759625984908
0612,NDNI,ELC,3,N1,-0.10287973333083025,-0.07100793793107496,-0.03187179539975529,0.03187179539975529
0612,NDNI,ELC,4,N1,-0.0663909169228358,-0.045132396582638304,-0.021258520340197498,0.021258520340197498
0612,NDNI,ELC,5,N1,-0.0893716998355172,-0.08534134220023858,-0.00403035763527862,0.00403035763527862
0612,NDNI,ELC,6,N1,-0.08620385362405901,-0.0965604693662996,0.010356615742240588,0.010356615742240588
0612,NDNI,ELC,7,N3,-0.44541635716228933,-0.4553342754752395,0.009917918312950191,0.009917918312950191
0612,NDNI,ELC,8,N3,-0.4407411931048102,-0.46559349801044164,0.02485230490563145,0.02485230490563145
0612,NDNI,ELC,9,N3,-0.43697713189619636,-0.4733368563118592,0.03635972441566282,0.03635972441566282
0612,NDNI,ELC,10,N3,-0.38864914729461525,-0.415804968285267,0.027155820990651725,0.027155820990651725
0612,NDNI,ELC,11,N3,-0.3702872079430696,-0.4024803435033127,0.032193135560243114,0.032193135560243114
0612,NDNI,ELC,12,N3,-0.44862473967605976,-0.4654816188212249,0.01685687914516515,0.01685687914516515
0612,NDNI,ELC3,1,N1,-0.07138888923666241,-0.09449837039900988,0.02310948116234747,0.02310948116234747
0612,NDNI,ELC3,2,N1,-0.07658208342334111,-0.1076373406523841,0.031055257229042996,0.031055257229042996
0612,NDNI,ELC3,3,N1,-0.0742861757890125,-0.07100793793107496,-0.0032782378579375437,0.0032782378579375437
0612,NDNI,ELC3,4,N1,-0.03942135609854177,-0.045132396582638304,0.005711040484096534,0.005711040484096534
0612,NDNI,ELC3,5,N1,-0.06417095041613902,-0.08534134220023858,0.02117039178409956,0.02117039178409956
0612,NDNI,ELC3,6,N1,-0.06044796704102706,-0.0965604693662996,0.036112502325272536,0.036112502325272536
0612,NDNI,ELC3,7,N3,-0.43288697096502304,-0.4553342754752395,0.02244730451021648,0.02244730451021648
0612,NDNI,ELC3,8,N3,-0.42759414551762176,-0.46559349801044164,0.03799935249281988,0.03799935249281988
0612,NDNI,ELC3,9,N3,-0.4245363326188384,-0.4733368563118592,0.04880052369302079,0.04880052369302079
0612,NDNI,ELC3,10,N3,-0.37153879890870506,-0.415804968285267,0.044266169376561915,0.044266169376561915
0612,NDNI,ELC3,11,N3,-0.34915772754806174,-0.4024803435033127,0.05332261595525095,0.05332261595525095
0612,NDNI,ELC3,12,N3,-0.4347519618771226,-0.4654816188212249,0.03072965694410229,0.03072965694410229
0625,NDVI,RTM,1,N1,0.29017303997600646,0.2886013701476615,0.001571669828344946,0.001571669828344946
0625,NDVI,RTM,2,N1,0.2644565154039709,0.2792094869741858,-0.014752971570214879,0.014752971570214879
0625,NDVI,RTM,3,N1,0.3288051158256875,0.3538691924484897,-0.02506407662280219,0.02506407662280219
0625,NDVI,RTM,4,N1,0.24034916719362398,0.25808770377291335,-0.017738536579289366,0.017738536579289366
0625,NDVI,RTM,5,N1,0.26419671455230137,0.2817764073137684,-0.017579692761467036,0.017579692761467036
0625,NDVI,RTM,6,N1,0.3151714642773824,0.31998897501971035,-0.004817510742327946,0.004817510742327946
0625,NDVI,RTM,7,N3,0.7319868512109207,0.7523315018379007,-0.020344650626979988,0.020344650626979988
0625,NDVI,RTM,8,N3,0.7581666317512843,0.7300833611463045,0.028083270604979838,0.028083270604979838
0625,NDVI,RTM,9,N3,0.772857290036182,0.8028919296206631,-0.03003463958448116,0.03003463958448116
0625,NDVI,RTM,10,N3,0.682540175553352,0.6833248367008798,-0.0007846611475278431,0.0007846611475278431
0625,NDVI,RTM,11,N3,0.7094671354262132,0.744343885708212,-0.03487675028199877,0.03487675028199877
0625,NDVI,RTM,12,N3,0.744883421555935,0.729578283142338,0.015305138413597041,0.015305138413597041
0625,NDVI,ELC,1,N1,0.2741562443317046,0.2886013701476615,-0.014445125815956916,0.014445125815956916
0625,NDVI,ELC,2,N1,0.24847841979399543,0.2792094869741858,-0.030731067180190363,0.030731067180190363
0625,NDVI,ELC,3,N1,0.3133149363613238,0.3538691924484897,-0.040554256087165896,0.040554256087165896
0625,NDVI,ELC,4,N1,0.22399417328218457,0.25808770377291335,-0.034093530490728774,0.034093530490728774
0625,NDVI,ELC,5,N1,0.24790298399660113,0.2817764073137684,-0.03387342331716728,0.03387342331716728
0625,NDVI,ELC,6,N1,0.2994222276375578,0.31998897501971035,-0.020566747382152528,0.020566747382152528
0625,NDVI,ELC,7,N3,0.7227130631307636,0.7523315018379007,-0.029618438707137096,0.029618438707137096
0625,NDVI,ELC,8,N3,0.7494252671535191,0.7300833611463045,0.019341906007214638,0.019341906007214638
0625,NDVI,ELC,9,N3,0.7646391780511383,0.8028919296206631,-0.03825275156952479,0.03825275156952479
0625,NDVI,ELC,10,N3,0.6723082518922154,0.6833248367008798,-0.01101658480866441,0.01101658480866441
0625,NDVI,ELC,11,N3,0.6996217922404852,0.744343885708212,-0.04472209346772682,0.04472209346772682
0625,NDVI,ELC,12,N3,0.7358910853865352,0.729578283142338,0.00631280224419728,0.00631280224419728
0625,NDVI,ELC3,1,N1,0.2757463828241626,0.2886013701476615,-0.012854987323498934,0.012854987323498934
0625,NDVI,ELC3,2,N1,0.25003781634129063,0.2792094869741858,-0.029171670632895164,0.029171670632895164
0625,NDVI,ELC3,3,N1,0.31508114545685023,0.3538691924484897,-0.03878804699163946,0.03878804699163946
0625,NDVI,ELC3,4,N1,0.22535520002619783,0.25808770377291335,-0.03273250374671552,0.03273250374671552
0625,NDVI,ELC3,5,N1,0.24937443785805555,0.2817764073137684,-0.03240196945571286,0.03240196945571286
0625,NDVI,ELC3,6,N1,0.3010821440000642,0.31998897501971035,-0.01890683101964613,0.01890683101964613
0625,NDVI,ELC3,7,N3,0.7266712315785461,0.7523315018379007,-0.02566027025935458,0.02566027025935458
0625,NDVI,ELC3,8,N3,0.7534670651298871,0.7300833611463045,0.023383703983582693,0.023383703983582693
0625,NDVI,ELC3,9,N3,0.7687224304592601,0.8028919296206631,-0.034169499161402994,0.034169499161402994
0625,NDVI,ELC3,10,N3,0.6761992361035429,0.6833248367008798,-0.007125600597336912,0.007125600597336912
0625,NDVI,ELC3,11,N3,0.7034454337174347,0.744343885708212,-0.04089845199077724,0.04089845199077724
0625,NDVI,ELC3,12,N3,0.7398668937395104,0.729578283142338,0.010288610597172454,0.010288610597172454
0625,NCNI,RTM,1,N1,0.012844593656874594,0.013533803132669737,-0.0006892094757951425,0.0006892094757951425
0625,NCNI,RTM,2,N1,0.010742241550661585,0.012186430788084561,-0.0014441892374229756,0.0014441892374229756
0625,NCNI,RTM,3,N1,0.016679701351006822,0.019032967796053627,-0.0023532664450468047,0.0023532664450468047
0625,NCNI,RTM,4,N1,0.008567254781932265,0.010204622633542477,-0.0016373678516102119,0.0016373678516102119
0625,NCNI,RTM,5,N1,0.010246390265094957,0.012408979329365633,-0.002162589064270675,0.002162589064270675
0625,NCNI,RTM,6,N1,0.014894397185524691,0.01690054784316781,-0.002006150657643117,0.002006150657643117
0625,NCNI,RTM,7,N3,0.06701929060638898,0.06990843138373241,-0.002889140777343438,0.002889140777343438
0625,NCNI,RTM,8,N3,0.07115161050835288,0.06339598515113845,0.007755625357214427,0.007755625357214427
0625,NCNI,RTM,9,N3,0.08357422726884532,0.10346965230152627,-0.01989542503268095,0.01989542503268095
0625,NCNI,RTM,10,N3,0.05447441829415121,0.05872045502251279,-0.004246036728361581,0.004246036728361581
0625,NCNI,RTM,11,N3,0.0516392593205888,0.06051110561281288,-0.008871846292224081,0.008871846292224081
0625,NCNI,RTM,12,N3,0.06644208061825521,0.05804997748879158,0.008392103129463632,0.008392103129463632
0625,NCNI,ELC,1,N1,0.011828488509858836,0.013533803132669737,-0.0017053146228109013,0.0017053146228109013
0625,NCNI,ELC,2,N1,0.009856433076732521,0.012186430788084561,-0.00232999771135204,0.00232999771135204
0625,NCNI,ELC,3,N1,0.015433566839085321,0.019032967796053627,-0.003599400956968306,0.003599400956968306
0625,NCNI,ELC,4,N1,0.007824260321868415,0.010204622633542477,-0.002380362311674062,0.002380362311674062
0625,NCNI,ELC,5,N1,0.009401782473718623,0.012408979329365633,-0.00300719685564701,0.00300719685564701
0625,NCNI,ELC,6,N1,0.013757119579010702,0.01690054784316781,-0.003143428264157106,0.003143428264157106
0625,NCNI,ELC,7,N3,0.06318060927014937,0.06990843138373241,-0.00672782211358304,0.00672782211358304
0625,NCNI,ELC,8,N3,0.06711716408431904,0.06339598515113845,0.003721178933180594,0.003721178933180594
0625,NCNI,ELC,9,N3,0.07883958537296465,0.10346965230152627,-0.024630066928561622,0.024630066928561622
0625,NCNI,ELC,10,N3,0.05128829236989525,0.05872045502251279,-0.0074321626526175355,0.0074321626526175355
0625,NCNI,ELC,11,N3,0.04871302267611595,0.06051110561281288,-0.01179808293669693,0.01179808293669693
0625,NCNI,ELC,12,N3,0.0626366284090404,0.05804997748879158,0.004586650920248819,0.004586650920248819
0625,NCNI,ELC3,1,N1,0.011859428335887356,0.013533803132669737,-0.0016743747967823807,0.0016743747967823807
0625,NCNI,ELC3,2,N1,0.009874203504618683,0.012186430788084561,-0.0023122272834658775,0.0023122272834658775
0625,NCNI,ELC3,3,N1,0.015488578314421422,0.019032967796053627,-0.003544389481632205,0.003544389481632205
0625,NCNI,ELC3,4,N1,0.007831812561885433,0.010204622633542477,-0.0023728100716570444,0.0023728100716570444
0625,NCNI,ELC3,5,N1,0.009418047058401475,0.012408979329365633,-0.0029909322709641573,0.0029909322709641573
0625,NCNI,ELC3,6,N1,0.013800549727322297,0.01690054784316781,-0.0030999981158455116,0.0030999981158455116
0625,NCNI,ELC3,7,N3,0.06420595358159728,0.06990843138373241,-0.0057024778021351336,0.0057024778021351336
0625,NCNI,ELC3,8,N3,0.06832607141664408,0.06339598515113845,0.0049300862655056316,0.0049300862655056316
0625,NCNI,ELC3,9,N3,0.08033568375798607,0.10346965230152627,-0.023133968543540204,0.023133968543540204
0625,NCNI,ELC3,10,N3,0.052002568078897915,0.05872045502251279,-0.006717886943614873,0.006717886943614873
0625,NCNI,ELC3,11,N3,0.04943433928741016,0.06051110561281288,-0.01107676632540272,0.01107676632540272
0625,NCNI,ELC3,12,N3,0.06369931686928376,0.05804997748879158,0.005649339380492183,0.005649339380492183
0625,NDWI_1640,RTM,1,N1,0.026946979210975528,-0.0019002158700254677,0.028847195081000997,0.028847195081000997
0625,NDWI_1640,RTM,2,N1,0.012077160320636089,-0.011959011083363788,0.024036171403999877,0.024036171403999877
0625,NDWI_1640,RTM,3,N1,0.05144749260225126,0.028461363387432565,0.022986129214818695,0.022986129214818695
0625,NDWI_1640,RTM,4,N1,0.011187321546341698,-0.016434532772235968,0.027621854318577665,0.027621854318577665
0625,NDWI_1640,RTM,5,N1,0.030593047599957273,-0.0017513239100777765,0.03234437151003505,0.03234437151003505
0625,NDWI_1640,RTM,6,N1,0.05810008067590212,0.020384308965792183,0.03771577171010994,0.03771577171010994
0625,NDWI_1640,RTM,7,N3,0.4051872517235462,0.356143383958377,0.04904386776516917,0.04904386776516917
0625,NDWI_1640,RTM,8,N3,0.420197183452008,0.332969360505574,0.087227822946434,0.087227822946434
0625,NDWI_1640,RTM,9,N3,0.4171673599630484,0.3998984518270255,0.017268908136022887,0.017268908136022887
0625,NDWI_1640,RTM,10,N3,0.33863814849219387,0.28023220964153905,0.058405938850654815,0.058405938850654815
0625,NDWI_1640,RTM,11,N3,0.38312283040443457,0.3469995365799198,0.03612329382451479,0.03612329382451479
0625,NDWI_1640,RTM,12,N3,0.4100005869111531,0.343019802563611,0.06698078434754212,0.06698078434754212
0625,NDWI_1640,ELC,1,N1,-0.011709395797936126,-0.0019002158700254677,-0.00980917992791066,0.00980917992791066
0625,NDWI_1640,ELC,2,N1,-0.02629435955751804,-0.011959011083363788,-0.01433534847415425,0.01433534847415425
0625,NDWI_1640,ELC,3,N1,0.014413848601284352,0.028461363387432565,-0.014047514786148213,0.014047514786148213
0625,NDWI_1640,ELC,4,N1,-0.02829305384560083,-0.016434532772235968,-0.011858521073364863,0.011858521073364863
0625,NDWI_1640,ELC,5,N1,-0.008223883409394917,-0.0017513239100777765,-0.006472559499317141,0.006472559499317141
0625,NDWI_1640,ELC,6,N1,0.018558218415700947,0.020384308965792183,-0.0018260905500912354,0.0018260905500912354
0625,NDWI_1640,ELC,7,N3,0.37345342531235076,0.356143383958377,0.017310041353973737,0.017310041353973737
0625,NDWI_1640,ELC,8,N3,0.3877086708785298,0.332969360505574,0.05473931037295576,0.05473931037295576
0625,NDWI_1640,ELC,9,N3,0.3839990291463072,0.3998984518270255,-0.01589942268071831,0.01589942268071831
0625,NDWI_1640,ELC,10,N3,0.3039081370610137,0.28023220964153905,0.023675927419474663,0.023675927419474663
0625,NDWI_1640,ELC,11,N3,0.3503778183425885,0.3469995365799198,0.0033782817626687445,0.0033782817626687445
0625,NDWI_1640,ELC,12,N3,0.37864577278487516,0.343019802563611,0.03562597022126418,0.03562597022126418
0625,NDWI_1640,ELC3,1,N1,-0.012299943315335682,-0.0019002158700254677,-0.010399727445310213,0.010399727445310213
0625,NDWI_1640,ELC3,2,N1,-0.026960956938618434,-0.011959011083363788,-0.015001945855254646,0.015001945855254646
0625,NDWI_1640,ELC3,3,N1,0.01395222361702214,0.028461363387432565,-0.014509139770410425,0.014509139770410425
0625,NDWI_1640,ELC3,4,N1,-0.028959743127541487,-0.016434532772235968,-0.01252521035530552,0.01252521035530552
0625,NDWI_1640,ELC3,5,N1,-0.00879811505874487,-0.0017513239100777765,-0.007046791148667094,0.007046791148667094
0625,NDWI_1640,ELC3,6,N1,0.018114301356965734,0.020384308965792183,-0.0022700076088264486,0.0022700076088264486
0625,NDWI_1640,ELC3,7,N3,0.37530509724983196,0.356143383958377,0.01916171329145494,0.01916171329145494
0625,NDWI_1640,ELC3,8,N3,0.38963071038815117,0.332969360505574,0.05666134988257715,0.05666134988257715
0625,NDWI_1640,ELC3,9,N3,0.38584867677269186,0.3998984518270255,-0.014049775054333635,0.014049775054333635
0625,NDWI_1640,ELC3,10,N3,0.30530141872106337,0.28023220964153905,0.025069209079524313,0.025069209079524313
0625,NDWI_1640,ELC3,11,N3,0.3520604335717166,0.3469995365799198,0.005060896991796848,0.005060896991796848
0625,NDWI_1640,ELC3,12,N3,0.38050110089196165,0.343019802563611,0.037481298328350676,0.037481298328350676
0625,NRI850_1510,RTM,1,N1,0.08541506839134184,0.057654834789551024,0.02776023360179082,0.02776023360179082
0625,NRI850_1510,RTM,2,N1,0.0668178180971375,0.048107044909181496,0.018710773187955998,0.018710773187955998
0625,NRI850_1510,RTM,3,N1,0.1180952821728258,0.10137661245125264,0.016718669721573168,0.016718669721573168
0625,NRI850_1510,RTM,4,N1,0.0592064828459278,0.036578522128357785,0.022627960717570013,0.022627960717570013
0625,NRI850_1510,RTM,5,N1,0.08484647441068215,0.05507114780127803,0.029775326609404115,0.029775326609404115
0625,NRI850_1510,RTM,6,N1,0.12363613545198802,0.08718238263730532,0.0364537528146827,0.0364537528146827
0625,NRI850_1510,RTM,7,N3,0.5619768052354441,0.514257870993014,0.04771893424243012,0.04771893424243012
0625,NRI850_1510,RTM,8,N3,0.5835562787881441,0.4914310986447693,0.09212518014337479,0.09212518014337479
0625,NRI850_1510,RTM,9,N3,0.586887462350085,0.5812531613699327,0.005634300980152385,0.005634300980152385
0625,NRI850_1510,RTM,10,N3,0.48980007140710535,0.43129899886872564,0.05850107253837972,0.05850107253837972
0625,NRI850_1510,RTM,11,N3,0.5357885768118152,0.5087445586384176,0.027044018173397633,0.027044018173397633
0625,NRI850_1510,RTM,12,N3,0.5699390631866789,0.501213011943672,0.0687260512430069,0.0687260512430069
0625,NRI850_1510,ELC,1,N1,0.050116915504399916,0.057654834789551024,-0.007537919285151108,0.007537919285151108
0625,NRI850_1510,ELC,2,N1,0.031974762397171355,0.048107044909181496,-0.01613228251201014,0.01613228251201014
0625,NRI850_1510,ELC,3,N1,0.08579659009352336,0.10137661245125264,-0.015580022357729276,0.015580022357729276
0625,NRI850_1510,ELC,4,N1,0.023410769337042794,0.036578522128357785,-0.01316775279131499,0.01316775279131499
0625,NRI850_1510,ELC,5,N1,0.0501310309973716,0.05507114780127803,-0.004940116803906429,0.004940116803906429
0625,NRI850_1510,ELC,6,N1,0.0883262950945411,0.08718238263730532,0.001143912457235774,0.001143912457235774
0625,NRI850_1510,ELC,7,N3,0.53922086122424,0.514257870993014,0.024962990231225946,0.024962990231225946
0625,NRI850_1510,ELC,8,N3,0.5605272659906324,0.4914310986447693,0.0690961673458631,0.0690961673458631
0625,NRI850_1510,ELC,9,N3,0.5637515256255681,0.5812531613699327,-0.017501635744364585,0.017501635744364585
0625,NRI850_1510,ELC,10,N3,0.4633252225382257,0.43129899886872564,0.03202622366950009,0.03202622366950009
0625,NRI850_1510,ELC,11,N3,0.5114941410827881,0.5087445586384176,0.002749582444370513,0.002749582444370513
0625,NRI850_1510,ELC,12,N3,0.5481023891120174,0.501213011943672,0.0468893771683454,0.0468893771683454
0625,NRI850_1510,ELC3,1,N1,0.047278393933833845,0.057654834789551024,-0.010376440855717178,0.010376440855717178
0625,NRI850_1510,ELC3,2,N1,0.02905772281800186,0.048107044909181496,-0.019049322091179637,0.019049322091179637
0625,NRI850_1510,ELC3,3,N1,0.08271844894546271,0.10137661245125264,-0.01865816350578993,0.01865816350578993
0625,NRI850_1510,ELC3,4,N1,0.02080223968419151,0.036578522128357785,-0.015776282444166276,0.015776282444166276
0625,NRI850_1510,ELC3,5,N1,0.04730881872158405,0.05507114780127803,-0.007762329079693979,0.007762329079693979
0625,NRI850_1510,ELC3,6,N1,0.08533280485704406,0.08718238263730532,-0.0018495777802612634,0.0018495777802612634
0625,NRI850_1510,ELC3,7,N3,0.531844756297505,0.514257870993014,0.01758688530449104,0.01758688530449104
0625,NRI850_1510,ELC3,8,N3,0.5530851775499793,0.4914310986447693,0.06165407890521002,0.06165407890521002
0625,NRI850_1510,ELC3,9,N3,0.5564435506524166,0.5812531613699327,-0.024809610717516084,0.024809610717516084
0625,NRI850_1510,ELC3,10,N3,0.4564069044743902,0.43129899886872564,0.02510790560566456,0.02510790560566456
0625,NRI850_1510,ELC3,11,N3,0.5044090570980998,0.5087445586384176,-0.00433550154031781,0.00433550154031781
0625,NRI850_1510,ELC3,12,N3,0.5407917654885201,0.501213011943672,0.03957875354484819,0.03957875354484819
0625,LWVI2,RTM,1,N1,0.020809281061080334,0.017656355246094494,0.00315292581498584,0.00315292581498584
0625,LWVI2,RTM,2,N1,0.016366174194895233,0.016185211789855703,0.00018096240503952948,0.00018096240503952948
0625,LWVI2,RTM,3,N1,0.02702314862647903,0.027779451852268905,-0.0007563032257898762,0.0007563032257898762
0625,LWVI2,RTM,4,N1,0.013459095700651088,0.014245613786002951,-0.0007865180853518627,0.0007865180853518627
0625,LWVI2,RTM,5,N1,0.021528651948996794,0.02038746707160084,0.0011411848773959545,0.0011411848773959545
0625,LWVI2,RTM,6,N1,0.030118302051947543,0.02362874254386804,0.0064895595080795045,0.0064895595080795045
0625,LWVI2,RTM,7,N3,0.16392555460648403,0.1508710203825006,0.013054534223983422,0.013054534223983422
0625,LWVI2,RTM,8,N3,0.16513593818144018,0.138215221685038,0.02692071649640218,0.02692071649640218
0625,LWVI2,RTM,9,N3,0.16377621600483136,0.15453950125451837,0.009236714750312985,0.009236714750312985
0625,LWVI2,RTM,10,N3,0.14265340784657296,0.12382371351007372,0.01882969433649924,0.01882969433649924
0625,LWVI2,RTM,11,N3,0.155857289114519,0.14222453114487243,0.013632757969646553,0.013632757969646553
0625,LWVI2,RTM,12,N3,0.16595805138422692,0.14300961614127208,0.02294843524295484,0.02294843524295484
0625,LWVI2,ELC,1,N1,0.017166844040803625,0.017656355246094494,-0.0004895112052908691,0.0004895112052908691
0625,LWVI2,ELC,2,N1,0.013008373785502852,0.016185211789855703,-0.003176838004352851,0.003176838004352851
0625,LWVI2,ELC,3,N1,0.024222239553546614,0.027779451852268905,-0.0035572122987222905,0.0035572122987222905
0625,LWVI2,ELC,4,N1,0.010244745571481481,0.014245613786002951,-0.0040008682145214695,0.0040008682145214695
0625,LWVI2,ELC,5,N1,0.01818286220021392,0.02038746707160084,-0.00220460487138692,0.00220460487138692
0625,LWVI2,ELC,6,N1,0.026727368596859084,0.02362874254386804,0.0030986260529910457,0.0030986260529910457
0625,LWVI2,ELC,7,N3,0.15911326375543183,0.1508710203825006,0.008242243372931224,0.008242243372931224
0625,LWVI2,ELC,8,N3,0.15993990645839057,0.138215221685038,0.02172468477335257,0.02172468477335257
0625,LWVI2,ELC,9,N3,0.15861471465819896,0.15453950125451837,0.004075213403680583,0.004075213403680583
0625,LWVI2,ELC,10,N3,0.13794654053084002,0.12382371351007372,0.014122827020766296,0.014122827020766296
0625,LWVI2,ELC,11,N3,0.15104450144949258,0.14222453114487243,0.008819970304620145,0.008819970304620145
0625,LWVI2,ELC,12,N3,0.1617082826315766,0.14300961614127208,0.018698666490304522,0.018698666490304522
0625,LWVI2,ELC3,1,N1,0.016492600389911467,0.017656355246094494,-0.0011637548561830267,0.0011637548561830267
0625,LWVI2,ELC3,2,N1,0.01235874066057626,0.016185211789855703,-0.0038264711292794427,0.0038264711292794427
0625,LWVI2,ELC3,3,N1,0.023406719518765686,0.027779451852268905,-0.004372732333503219,0.004372732333503219
0625,LWVI2,ELC3,4,N1,0.009687017456834623,0.014245613786002951,-0.004558596329168328,0.004558596329168328
0625,LWVI2,ELC3,5,N1,0.01747108509950539,0.02038746707160084,-0.0029163819720954484,0.0029163819720954484
0625,LWVI2,ELC3,6,N1,0.025885994734579497,0.02362874254386804,0.0022572521907114583,0.0022572521907114583
0625,LWVI2,ELC3,7,N3,0.15531176897092847,0.1508710203825006,0.004440748588427856,0.004440748588427856
0625,LWVI2,ELC3,8,N3,0.15620529832498756,0.138215221685038,0.01799007663994956,0.01799007663994956
0625,LWVI2,ELC3,9,N3,0.1550854314691306,0.15453950125451837,0.0005459302146122169,0.0005459302146122169
0625,LWVI2,ELC3,10,N3,0.13464192448512124,0.12382371351007372,0.010818210975047524,0.010818210975047524
0625,LWVI2,ELC3,11,N3,0.1474768538385157,0.14222453114487243,0.005252322693643258,0.005252322693643258
0625,LWVI2,ELC3,12,N3,0.15800192864007925,0.14300961614127208,0.01499231249880717,0.01499231249880717
0625,NDNI,RTM,1,N1,-0.09495168465865184,-0.05729978984256872,-0.037651894816083116,0.037651894816083116
0625,NDNI,RTM,2,N1,-0.08891582908415178,-0.05458626161211053,-0.03432956747204125,0.03432956747204125
0625,NDNI,RTM,3,N1,-0.11976905897623068,-0.08861084121438212,-0.03115821776184856,0.03115821776184856
0625,NDNI,RTM,4,N1,-0.07919800354519277,-0.04249714418821618,-0.03670085935697659,0.03670085935697659
0625,NDNI,RTM,5,N1,-0.09847528081247418,-0.05586191262569556,-0.042613368186778626,0.042613368186778626
0625,NDNI,RTM,6,N1,-0.1223716642034707,-0.08149979497862235,-0.04087186922484835,0.04087186922484835
0625,NDNI,RTM,7,N3,-0.42914244856622286,-0.3666158526025227,-0.06252659596370014,0.06252659596370014
0625,NDNI,RTM,8,N3,-0.4536372144910298,-0.35527039480099876,-0.09836681969003103,0.09836681969003103
0625,NDNI,RTM,9,N3,-0.4595853848665943,-0.4414327934875797,-0.018152591379014593,0.018152591379014593
0625,NDNI,RTM,10,N3,-0.37973379362265797,-0.3130871505875609,-0.06664664303509704,0.06664664303509704
0625,NDNI,RTM,11,N3,-0.4072488877964739,-0.36647314056638597,-0.04077574723008792,0.04077574723008792
0625,NDNI,RTM,12,N3,-0.4365354982723465,-0.3657684343839807,-0.07076706388836579,0.07076706388836579
0625,NDNI,ELC,1,N1,-0.08705548976416885,-0.05729978984256872,-0.029755699921600133,0.029755699921600133
0625,NDNI,ELC,2,N1,-0.08570740396020067,-0.05458626161211053,-0.031121142348090138,0.031121142348090138
0625,NDNI,ELC,3,N1,-0.11493809817182513,-0.08861084121438212,-0.026327256957443007,0.026327256957443007
0625,NDNI,ELC,4,N1,-0.07379716674286688,-0.04249714418821618,-0.0313000225546507,0.0313000225546507
0625,NDNI,ELC,5,N1,-0.09449294707139484,-0.05586191262569556,-0.038631034445699285,0.038631034445699285
0625,NDNI,ELC,6,N1,-0.11590955493421047,-0.08149979497862235,-0.03440975995558812,0.03440975995558812
0625,NDNI,ELC,7,N3,-0.42073983343579197,-0.3666158526025227,-0.05412398083326925,0.05412398083326925
0625,NDNI,ELC,8,N3,-0.4418675892530659,-0.35527039480099876,-0.08659719445206715,0.08659719445206715
0625,NDNI,ELC,9,N3,-0.44668696737412567,-0.4414327934875797,-0.005254173886545976,0.005254173886545976
0625,NDNI,ELC,10,N3,-0.3711921432866259,-0.3130871505875609,-0.058104992699064995,0.058104992699064995
0625,NDNI,ELC,11,N3,-0.3915794382852317,-0.36647314056638597,-0.025106297718845705,0.025106297718845705
0625,NDNI,ELC,12,N3,-0.42647496890941927,-0.3657684343839807,-0.06070653452543856,0.06070653452543856
0625,NDNI,ELC3,1,N1,-0.05311329934410775,-0.05729978984256872,0.004186490498460968,0.004186490498460968
0625,NDNI,ELC3,2,N1,-0.05062301799688174,-0.05458626161211053,0.00396324361522879,0.00396324361522879
0625,NDNI,ELC3,3,N1,-0.08162791960439056,-0.08861084121438212,0.00698292160999156,0.00698292160999156
0625,NDNI,ELC3,4,N1,-0.04079644826091431,-0.04249714418821618,0.0017006959273018693,0.0017006959273018693
0625,NDNI,ELC3,5,N1,-0.0618078307152023,-0.05586191262569556,-0.005945918089506744,0.005945918089506744
0625,NDNI,ELC3,6,N1,-0.08400250527141173,-0.08149979497862235,-0.0025027102927893813,0.0025027102927893813
0625,NDNI,ELC3,7,N3,-0.3874355794448053,-0.3666158526025227,-0.02081972684228256,0.02081972684228256
0625,NDNI,ELC3,8,N3,-0.40967444093249417,-0.35527039480099876,-0.05440404613149541,0.05440404613149541
0625,NDNI,ELC3,9,N3,-0.4156897070509958,-0.4414327934875797,0.025743086436583906,0.025743086436583906
0625,NDNI,ELC3,10,N3,-0.3366525712515001,-0.3130871505875609,-0.023565420663939185,0.023565420663939185
0625,NDNI,ELC3,11,N3,-0.357111602524802,-0.36647314056638597,0.009361538041583961,0.009361538041583961
0625,NDNI,ELC3,12,N3,-0.3941083344276744,-0.3657684343839807,-0.02833990004369369,0.02833990004369369
