Period,VI,Method,Plot_ID,Nitrogen_Level,Value
0429,NDVI,Reference,1,N1,0.1835152656199651
0429,NDVI,Reference,2,N1,0.20251810094843037
0429,NDVI,Reference,3,N1,0.19239311726527444
0429,NDVI,Reference,4,N1,0.18992438208268958
0429,NDVI,Reference,5,N1,0.21977553522526214
0429,NDVI,Reference,6,N1,0.2097680685222852
0429,NDVI,Reference,7,N3,0.5218282516811017
0429,NDVI,Reference,8,N3,0.45519165567365555
0429,NDVI,Reference,9,N3,0.48362901380654044
0429,NDVI,Reference,10,N3,0.5649016928704829
0429,NDVI,Reference,11,N3,0.34446212753755634
0429,NDVI,Reference,12,N3,0.4278329058407679
0429,NDVI,RTM,1,N1,0.19446713411963973
0429,NDVI,RTM,2,N1,0.2425104375363024
0429,NDVI,RTM,3,N1,0.21156010640076783
0429,NDVI,RTM,4,N1,0.20092985316948303
0429,NDVI,RTM,5,N1,0.206543790436932
0429,NDVI,RTM,6,N1,0.2205974858997229
0429,NDVI,RTM,7,N3,0.5095005032050792
0429,NDVI,RTM,8,N3,0.4198827680058278
0429,NDVI,RTM,9,N3,0.4613685504668302
0429,NDVI,RTM,10,N3,0.46376159758183927
0429,NDVI,RTM,11,N3,0.35794480078903007
0429,NDVI,RTM,12,N3,0.46363664774950314
0429,NDVI,ELC,1,N1,0.1741333070491198
0429,NDVI,ELC,2,N1,0.22251378337607158
0429,NDVI,ELC,3,N1,0.19138952083497962
0429,NDVI,ELC,4,N1,0.18049669007425753
0429,NDVI,ELC,5,N1,0.18636189114356036
0429,NDVI,ELC,6,N1,0.20037204022811025
0429,NDVI,ELC,7,N3,0.4928945397512572
0429,NDVI,ELC,8,N3,0.40181518326885646
0429,NDVI,ELC,9,N3,0.4439381924070434
0429,NDVI,ELC,10,N3,0.4463700653812478
0429,NDVI,ELC,11,N3,0.338837462633152
0429,NDVI,ELC,12,N3,0.44602950477402986
0429,NDVI,ELC3,1,N1,0.2014726079261909
0429,NDVI,ELC3,2,N1,0.2555937708569285
0429,NDVI,ELC3,3,N1,0.22066853282604398
0429,NDVI,ELC3,4,N1,0.20869277218344298
0429,NDVI,ELC3,5,N1,0.21301560313275822
0429,NDVI,ELC3,6,N1,0.23011796179540245
0429,NDVI,ELC3,7,N3,0.5575385435466276
0429,NDVI,ELC3,8,N3,0.45735531841727384
0429,NDVI,ELC3,9,N3,0.5017436855830163
0429,NDVI,ELC3,10,N3,0.5046791851115201
0429,NDVI,ELC3,11,N3,0.38373581118455014
0429,NDVI,ELC3,12,N3,0.5071360806527611
0429,NCNI,Reference,1,N1,0.006254898513667015
0429,NCNI,Reference,2,N1,0.007182675599872435
0429,NCNI,Reference,3,N1,0.006770586922052156
0429,NCNI,Reference,4,N1,0.006270160246998863
0429,NCNI,Reference,5,N1,0.008963643099509463
0429,NCNI,Reference,6,N1,0.007962567990343845
0429,NCNI,Reference,7,N3,0.046621918046068925
0429,NCNI,Reference,8,N3,0.03460575004280394
0429,NCNI,Reference,9,N3,0.04473725438224718
0429,NCNI,Reference,10,N3,0.06194521740535156
0429,NCNI,Reference,11,N3,0.02158278698666135
0429,NCNI,Reference,12,N3,0.03128253556415649
0429,NCNI,RTM,1,N1,0.006327476872410996
0429,NCNI,RTM,2,N1,0.009931980649207599
0429,NCNI,RTM,3,N1,0.007454943959656827
0429,NCNI,RTM,4,N1,0.006576259078819025
0429,NCNI,RTM,5,N1,0.007331133017488479
0429,NCNI,RTM,6,N1,0.008238799536842024
0429,NCNI,RTM,7,N3,0.04407977654761008
0429,NCNI,RTM,8,N3,0.02785051275001289
0429,NCNI,RTM,9,N3,0.03766033331200148
0429,NCNI,RTM,10,N3,0.03681507512194799
0429,NCNI,RTM,11,N3,0.020748554545069846
0429,NCNI,RTM,12,N3,0.03467297522057689
0429,NCNI,ELC,1,N1,0.0060844304435837505
0429,NCNI,ELC,2,N1,0.009594574162109081
0429,NCNI,ELC,3,N1,0.007183147971055295
0429,NCNI,ELC,4,N1,0.006334327856879022
0429,NCNI,ELC,5,N1,0.007059608603402352
0429,NCNI,ELC,6,N1,0.007939680922860067
0429,NCNI,ELC,7,N3,0.04303639149559196
0429,NCNI,ELC,8,N3,0.027114915901161364
0429,NCNI,ELC,9,N3,0.03672780123786965
0429,NCNI,ELC,10,N3,0.0359045537658788
0429,NCNI,ELC,11,N3,0.020171615411619777
0429,NCNI,ELC,12,N3,0.033842560251084564
0429,NCNI,ELC3,1,N1,0.007549333066736136
0429,NCNI,ELC3,2,N1,0.011897384045379046
0429,NCNI,ELC3,3,N1,0.008902910744567828
0429,NCNI,ELC3,4,N1,0.00787119850500567
0429,NCNI,ELC3,5,N1,0.008647680131558675
0429,NCNI,ELC3,6,N1,0.009807559980967084
0429,NCNI,ELC3,7,N3,0.056486115681940195
0429,NCNI,ELC3,8,N3,0.034847470743482774
0429,NCNI,ELC3,9,N3,0.047113126625821095
0429,NCNI,ELC3,10,N3,0.04621029423025616
0429,NCNI,ELC3,11,N3,0.025260672830314124
0429,NCNI,ELC3,12,N3,0.044122296693509276
0429,NDWI_1640,Reference,1,N1,-0.07697757680062957
0429,NDWI_1640,Reference,2,N1,-0.07107227785985265
0429,NDWI_1640,Reference,3,N1,-0.07026040628443309
0429,NDWI_1640,Reference,4,N1,-0.07563605052740571
0429,NDWI_1640,Reference,5,N1,-0.05266112759205456
0429,NDWI_1640,Reference,6,N1,-0.0621690592863307
0429,NDWI_1640,Reference,7,N3,0.11602529045753802
0429,NDWI_1640,Reference,8,N3,0.07921212571955023
0429,NDWI_1640,Reference,9,N3,0.09676587220642427
0429,NDWI_1640,Reference,10,N3,0.15531526062641254
0429,NDWI_1640,Reference,11,N3,0.01614461901455678
0429,NDWI_1640,Reference,12,N3,0.06332639814725052
0429,NDWI_1640,RTM,1,N1,-0.03711963867323267
0429,NDWI_1640,RTM,2,N1,-0.009635515774583712
0429,NDWI_1640,RTM,3,N1,-0.01750281569412022
0429,NDWI_1640,RTM,4,N1,-0.026000799666864124
0429,NDWI_1640,RTM,5,N1,-0.02456696665780617
0429,NDWI_1640,RTM,6,N1,-0.012927012752604303
0429,NDWI_1640,RTM,7,N3,0.16799847954359678
0429,NDWI_1640,RTM,8,N3,0.11345103729590053
0429,NDWI_1640,RTM,9,N3,0.14018525599302545
0429,NDWI_1640,RTM,10,N3,0.14647262447205886
0429,NDWI_1640,RTM,11,N3,0.07306363306006651
0429,NDWI_1640,RTM,12,N3,0.13432444290960652
0429,NDWI_1640,ELC,1,N1,-0.04848958601529652
0429,NDWI_1640,ELC,2,N1,-0.021023221986082825
0429,NDWI_1640,ELC,3,N1,-0.028902441120470433
0429,NDWI_1640,ELC,4,N1,-0.03739130759250405
0429,NDWI_1640,ELC,5,N1,-0.03600851422428289
0429,NDWI_1640,ELC,6,N1,-0.024228308857605428
0429,NDWI_1640,ELC,7,N3,0.1568542416140022
0429,NDWI_1640,ELC,8,N3,0.10218197752770437
0429,NDWI_1640,ELC,9,N3,0.12911145328533802
0429,NDWI_1640,ELC,10,N3,0.1353180537301426
0429,NDWI_1640,ELC,11,N3,0.06179210705738513
0429,NDWI_1640,ELC,12,N3,0.1231221992987564
0429,NDWI_1640,ELC3,1,N1,-0.06320277776786462
0429,NDWI_1640,ELC3,2,N1,-0.035119452716608136
0429,NDWI_1640,ELC3,3,N1,-0.04316528707573615
0429,NDWI_1640,ELC3,4,N1,-0.0519351184938449
0429,NDWI_1640,ELC3,5,N1,-0.04917474034164373
0429,NDWI_1640,ELC3,6,N1,-0.03809193595556839
0429,NDWI_1640,ELC3,7,N3,0.14873894074871533
0429,NDWI_1640,ELC3,8,N3,0.09159098529518363
0429,NDWI_1640,ELC3,9,N3,0.12017351260018301
0429,NDWI_1640,ELC3,10,N3,0.12651282893909982
0429,NDWI_1640,ELC3,11,N3,0.05074972504232451
0429,NDWI_1640,ELC3,12,N3,0.11332051682785334
0429,NRI850_1510,Reference,1,N1,-0.03562680307823456
0429,NRI850_1510,Reference,2,N1,-0.023940483181624644
0429,NRI850_1510,Reference,3,N1,-0.025625022733810905
0429,NRI850_1510,Reference,4,N1,-0.03198205842121263
0429,NRI850_1510,Reference,5,N1,-0.0016261604567031078
0429,NRI850_1510,Reference,6,N1,-0.01311361508216461
0429,NRI850_1510,Reference,7,N3,0.2468863943909142
0429,NRI850_1510,Reference,8,N3,0.19016205407282888
0429,NRI850_1510,Reference,9,N3,0.22027163958293414
0429,NRI850_1510,Reference,10,N3,0.30201653877809254
0429,NRI850_1510,Reference,11,N3,0.09934858296474268
0429,NRI850_1510,Reference,12,N3,0.16654750883578534
0429,NRI850_1510,RTM,1,N1,-0.002744033786894126
0429,NRI850_1510,RTM,2,N1,0.03777831982959145
0429,NRI850_1510,RTM,3,N1,0.022267989232585543
0429,NRI850_1510,RTM,4,N1,0.009400157112201803
0429,NRI850_1510,RTM,5,N1,0.013149800925379573
0429,NRI850_1510,RTM,6,N1,0.027193002624772186
0429,NRI850_1510,RTM,7,N3,0.2896969152480648
0429,NRI850_1510,RTM,8,N3,0.2106521564263526
0429,NRI850_1510,RTM,9,N3,0.2540854693065133
0429,NRI850_1510,RTM,10,N3,0.2572418626680848
0429,NRI850_1510,RTM,11,N3,0.14689678611134901
0429,NRI850_1510,RTM,12,N3,0.24008742792405893
0429,NRI850_1510,ELC,1,N1,-0.005496237197379638
0429,NRI850_1510,ELC,2,N1,0.03523299512612087
0429,NRI850_1510,ELC,3,N1,0.01980760949107705
0429,NRI850_1510,ELC,4,N1,0.0067235069184332615
0429,NRI850_1510,ELC,5,N1,0.010493329893851305
0429,NRI850_1510,ELC,6,N1,0.024465513412272308
0429,NRI850_1510,ELC,7,N3,0.287663164430712
0429,NRI850_1510,ELC,8,N3,0.2082782732369496
0429,NRI850_1510,ELC,9,N3,0.25160420178346943
0429,NRI850_1510,ELC,10,N3,0.25468529754850333
0429,NRI850_1510,ELC,11,N3,0.1440788345110382
0429,NRI850_1510,ELC,12,N3,0.23764379476962516
0429,NRI850_1510,ELC3,1,N1,-0.02015067893370143
0429,NRI850_1510,ELC3,2,N1,0.021217534798327897
0429,NRI850_1510,ELC3,3,N1,0.005572796885302823
0429,NRI850_1510,ELC3,4,N1,-0.0078087339640543945
0429,NRI850_1510,ELC3,5,N1,-0.002530077427380023
0429,NRI850_1510,ELC3,6,N1,0.010637826304798833
0429,NRI850_1510,ELC3,7,N3,0.2804536071012192
0429,NRI850_1510,ELC3,8,N3,0.19819952050024203
0429,NRI850_1510,ELC3,9,N3,0.24347684966590333
0429,NRI850_1510,ELC3,10,N3,0.24659223953943296
0429,NRI850_1510,ELC3,11,N3,0.1332751076138203
0429,NRI850_1510,ELC3,12,N3,0.22848664445074332
0429,LWVI2,Reference,1,N1,-0.014833916076043507
0429,LWVI2,Reference,2,N1,-0.01221992283553886
0429,LWVI2,Reference,3,N1,-0.012293616821242286
0429,LWVI2,Reference,4,N1,-0.01274691682340951
0429,LWVI2,Reference,5,N1,-0.007544003868737841
0429,LWVI2,Reference,6,N1,-0.01094589407681393
0429,LWVI2,Reference,7,N3,0.03798638318295005
0429,LWVI2,Reference,8,N3,0.028862438080532092
0429,LWVI2,Reference,9,N3,0.029756696054817615
0429,LWVI2,Reference,10,N3,0.04658391490344121
0429,LWVI2,Reference,11,N3,0.00942192337269675
0429,LWVI2,Reference,12,N3,0.02340051052167025
0429,LWVI2,RTM,1,N1,-0.009256925173174892
0429,LWVI2,RTM,2,N1,-0.0018822049012614276
0429,LWVI2,RTM,3,N1,-0.004948511458303968
0429,LWVI2,RTM,4,N1,-0.005986478891572233
0429,LWVI2,RTM,5,N1,-0.004750462606168198
0429,LWVI2,RTM,6,N1,-0.003583359293801567
0429,LWVI2,RTM,7,N3,0.044109297124744734
0429,LWVI2,RTM,8,N3,0.030844145739743208
0429,LWVI2,RTM,9,N3,0.035450906588326635
0429,LWVI2,RTM,10,N3,0.039842862823566465
0429,LWVI2,RTM,11,N3,0.013820764905857144
0429,LWVI2,RTM,12,N3,0.03392998221194609
0429,LWVI2,ELC,1,N1,-0.010316854455643362
0429,LWVI2,ELC,2,N1,-0.0028927865721088
0429,LWVI2,ELC,3,N1,-0.006345223209944484
0429,LWVI2,ELC,4,N1,-0.0074019481909956605
0429,LWVI2,ELC,5,N1,-0.00631339619216937
0429,LWVI2,ELC,6,N1,-0.0052763866419766724
0429,LWVI2,ELC,7,N3,0.042798383655215426
0429,LWVI2,ELC,8,N3,0.029483524467379535
0429,LWVI2,ELC,9,N3,0.03388149805431045
0429,LWVI2,ELC,10,N3,0.03843032132815247
0429,LWVI2,ELC,11,N3,0.012489206550346143
0429,LWVI2,ELC,12,N3,0.033310650178517004
0429,LWVI2,ELC3,1,N1,-0.011527363899439341
0429,LWVI2,ELC3,2,N1,-0.004041694875331307
0429,LWVI2,ELC3,3,N1,-0.007542590218627247
0429,LWVI2,ELC3,4,N1,-0.00860427339112094
0429,LWVI2,ELC3,5,N1,-0.007369203834844212
0429,LWVI2,ELC3,6,N1,-0.006443895738059586
0429,LWVI2,ELC3,7,N3,0.04211650534486145
0429,LWVI2,ELC3,8,N3,0.02861317576216556
0429,LWVI2,ELC3,9,N3,0.033130164603194096
0429,LWVI2,ELC3,10,N3,0.03770806615410013
0429,LWVI2,ELC3,11,N3,0.011488650876498406
0429,LWVI2,ELC3,12,N3,0.03247922860561125
0429,NDNI,Reference,1,N1,-0.004528145411732397
0429,NDNI,Reference,2,N1,-0.014286330987162652
0429,NDNI,Reference,3,N1,-0.013056031690267308
0429,NDNI,Reference,4,N1,-0.008545848537447323
0429,NDNI,Reference,5,N1,-0.02958856871482559
0429,NDNI,Reference,6,N1,-0.021578892606373586
0429,NDNI,Reference,7,N3,-0.21410542487151915
0429,NDNI,Reference,8,N3,-0.17016541464297844
0429,NDNI,Reference,9,N3,-0.19801162113949522
0429,NDNI,Reference,10,N3,-0.2582989233083185
0429,NDNI,Reference,11,N3,-0.10679302833413293
0429,NDNI,Reference,12,N3,-0.15493945415940277
0429,NDNI,RTM,1,N1,-0.03871444836047212
0429,NDNI,RTM,2,N1,-0.07068769542449861
0429,NDNI,RTM,3,N1,-0.05992402170754865
0429,NDNI,RTM,4,N1,-0.04908713619183553
0429,NDNI,RTM,5,N1,-0.0494722435864795
0429,NDNI,RTM,6,N1,-0.06338159436317084
0429,NDNI,RTM,7,N3,-0.26318864925742386
0429,NDNI,RTM,8,N3,-0.20212006220645368
0429,NDNI,RTM,9,N3,-0.23693936560220102
0429,NDNI,RTM,10,N3,-0.23481020696554913
0429,NDNI,RTM,11,N3,-0.1545068522343915
0429,NDNI,RTM,12,N3,-0.22306001400151318
0429,NDNI,ELC,1,N1,-0.06913331326679338
0429,NDNI,ELC,2,N1,-0.10304362180489239
0429,NDNI,ELC,3,N1,-0.08965289582638111
0429,NDNI,ELC,4,N1,-0.08037122197686479
0429,NDNI,ELC,5,N1,-0.07658639791880163
0429,NDNI,ELC,6,N1,-0.09223043889945516
0429,NDNI,ELC,7,N3,-0.2847040047637466
0429,NDNI,ELC,8,N3,-0.2283266012447363
0429,NDNI,ELC,9,N3,-0.2619288409777616
0429,NDNI,ELC,10,N3,-0.25701759285953024
0429,NDNI,ELC,11,N3,-0.17879145921077624
0429,NDNI,ELC,12,N3,-0.24694640191423026
0429,NDNI,ELC3,1,N1,-0.016522124686267438
0429,NDNI,ELC3,2,N1,-0.05195294223223377
0429,NDNI,ELC3,3,N1,-0.03804786324047651
0429,NDNI,ELC3,4,N1,-0.028467195892456828
0429,NDNI,ELC3,5,N1,-0.029773109562803865
0429,NDNI,ELC3,6,N1,-0.04210655846227738
0429,NDNI,ELC3,7,N3,-0.2460768593010168
0429,NDNI,ELC3,8,N3,-0.1831779264429709
0429,NDNI,ELC3,9,N3,-0.22278177996212217
0429,NDNI,ELC3,10,N3,-0.21669248221955545
0429,NDNI,ELC3,11,N3,-0.13400788848491077
0429,NDNI,ELC3,12,N3,-0.20277201941763898
0531,NDVI,Reference,1,N1,0.28066675155722937
0531,NDVI,Reference,2,N1,0.3258411201692431
0531,NDVI,Reference,3,N1,0.3137547674562926
0531,NDVI,Reference,4,N1,0.2722292217482591
0531,NDVI,Reference,5,N1,0.27279196491150537
0531,NDVI,Reference,6,N1,0.32099023941945115
0531,NDVI,Reference,7,N3,0.7971675755709274
0531,NDVI,Reference,8,N3,0.7436271631242568
0531,NDVI,Reference,9,N3,0.7406966189605886
0531,NDVI,Reference,10,N3,0.8016979582512981
0531,NDVI,Reference,11,N3,0.6569832465808015
0531,NDVI,Reference,12,N3,0.7433212930913607
0531,NDVI,RTM,1,N1,0.24694671022445194
0531,NDVI,RTM,2,N1,0.27297990470143024
0531,NDVI,RTM,3,N1,0.27482590499010484
0531,NDVI,RTM,4,N1,0.24549485930622983
0531,NDVI,RTM,5,N1,0.24321764886255315
0531,NDVI,RTM,6,N1,0.2684577673826724
0531,NDVI,RTM,7,N3,0.719045046790731
0531,NDVI,RTM,8,N3,0.6737604978149857
0531,NDVI,RTM,9,N3,0.7042300276349542
0531,NDVI,RTM,10,N3,0.6661076953409752
0531,NDVI,RTM,11,N3,0.6574645290959326
0531,NDVI,RTM,12,N3,0.7172180751084418
0531,NDVI,ELC,1,N1,0.23155756114749076
0531,NDVI,ELC,2,N1,0.25787275070709925
0531,NDVI,ELC,3,N1,0.25978244387306365
0531,NDVI,ELC,4,N1,0.23016428655887025
0531,NDVI,ELC,5,N1,0.22786537151919548
0531,NDVI,ELC,6,N1,0.2533354962536001
0531,NDVI,ELC,7,N3,0.7096555405924689
0531,NDVI,ELC,8,N3,0.6635253162014821
0531,NDVI,ELC,9,N3,0.6945781581035486
0531,NDVI,ELC,10,N3,0.6557924844328568
0531,NDVI,ELC,11,N3,0.647015203577364
0531,NDVI,ELC,12,N3,0.7077480891941452
0531,NDVI,ELC3,1,N1,0.24192394457591207
0531,NDVI,ELC3,2,N1,0.269156688050887
0531,NDVI,ELC3,3,N1,0.27141006506970167
0531,NDVI,ELC3,4,N1,0.24067586724250895
0531,NDVI,ELC3,5,N1,0.23754070056550053
0531,NDVI,ELC3,6,N1,0.26418266295977866
0531,NDVI,ELC3,7,N3,0.7382773980226536
0531,NDVI,ELC3,8,N3,0.6908045718862428
0531,NDVI,ELC3,9,N3,0.7219415053554322
0531,NDVI,ELC3,10,N3,0.6806823542136902
0531,NDVI,ELC3,11,N3,0.6728751912164802
0531,NDVI,ELC3,12,N3,0.7355038761300238
0531,NCNI,Reference,1,N1,0.011799788690756256
0531,NCNI,Reference,2,N1,0.015915464561782965
0531,NCNI,Reference,3,N1,0.014367015203252545
0531,NCNI,Reference,4,N1,0.009833756769033444
0531,NCNI,Reference,5,N1,0.011228171812779894
0531,NCNI,Reference,6,N1,0.014548732331865377
0531,NCNI,Reference,7,N3,0.0868428593662128
0531,NCNI,Reference,8,N3,0.0646537029856667
0531,NCNI,Reference,9,N3,0.06254215755054635
0531,NCNI,Reference,10,N3,0.09945557802190268
0531,NCNI,Reference,11,N3,0.0430466219452817
0531,NCNI,Reference,12,N3,0.06384081806638175
0531,NCNI,RTM,1,N1,0.009348154840841822
0531,NCNI,RTM,2,N1,0.011297341364999146
0531,NCNI,RTM,3,N1,0.0111703846033905
0531,NCNI,RTM,4,N1,0.008694950231761972
0531,NCNI,RTM,5,N1,0.008998808517879138
0531,NCNI,RTM,6,N1,0.010836026365085358
0531,NCNI,RTM,7,N3,0.05854410900961384
0531,NCNI,RTM,8,N3,0.04704673454669737
0531,NCNI,RTM,9,N3,0.05363367758614571
0531,NCNI,RTM,10,N3,0.049994659353705846
0531,NCNI,RTM,11,N3,0.042452044420623974
0531,NCNI,RTM,12,N3,0.058271481912019966
0531,NCNI,ELC,1,N1,0.008665105338608772
0531,NCNI,ELC,2,N1,0.01050798328127726
0531,NCNI,ELC,3,N1,0.010395011673009666
0531,NCNI,ELC,4,N1,0.00804182747044362
0531,NCNI,ELC,5,N1,0.008319146123879292
0531,NCNI,ELC,6,N1,0.010055137815586708
0531,NCNI,ELC,7,N3,0.055728167873715054
0531,NCNI,ELC,8,N3,0.04471059885810246
0531,NCNI,ELC,9,N3,0.05102842482782667
0531,NCNI,ELC,10,N3,0.04757754557369177
0531,NCNI,ELC,11,N3,0.04036880123990523
0531,NCNI,ELC,12,N3,0.05553706726623827
0531,NCNI,ELC3,1,N1,0.009525042016736558
0531,NCNI,ELC3,2,N1,0.0115390130511361
0531,NCNI,ELC3,3,N1,0.011440905371498675
0531,NCNI,ELC3,4,N1,0.008869674727806608
0531,NCNI,ELC3,5,N1,0.009114474354215049
0531,NCNI,ELC3,6,N1,0.011027449375399751
0531,NCNI,ELC3,7,N3,0.06600198353609651
0531,NCNI,ELC3,8,N3,0.05230751006973589
0531,NCNI,ELC3,9,N3,0.06003280065823297
0531,NCNI,ELC3,10,N3,0.054862830097070464
0531,NCNI,ELC3,11,N3,0.04690462989487619
0531,NCNI,ELC3,12,N3,0.06552314945355227
0531,NDWI_1640,Reference,1,N1,-0.0349205329251165
0531,NDWI_1640,Reference,2,N1,0.00030172114109198653
0531,NDWI_1640,Reference,3,N1,-0.008145739445063895
0531,NDWI_1640,Reference,4,N1,-0.03698397931384156
0531,NDWI_1640,Reference,5,N1,-0.0355358932598821
0531,NDWI_1640,Reference,6,N1,-0.009328771652188633
0531,NDWI_1640,Reference,7,N3,0.3807191278601351
0531,NDWI_1640,Reference,8,N3,0.3317175383768712
0531,NDWI_1640,Reference,9,N3,0.31447751014652553
0531,NDWI_1640,Reference,10,N3,0.357582132938537
0531,NDWI_1640,Reference,11,N3,0.2364194040526894
0531,NDWI_1640,Reference,12,N3,0.31263601160811416
0531,NDWI_1640,RTM,1,N1,0.04086493671023506
0531,NDWI_1640,RTM,2,N1,0.07103651757488103
0531,NDWI_1640,RTM,3,N1,0.09240823743757
0531,NDWI_1640,RTM,4,N1,0.0652883956958081
0531,NDWI_1640,RTM,5,N1,0.054018507775574404
0531,NDWI_1640,RTM,6,N1,0.07468078808382572
0531,NDWI_1640,RTM,7,N3,0.4230842207490758
0531,NDWI_1640,RTM,8,N3,0.3940573462108758
0531,NDWI_1640,RTM,9,N3,0.40357033192602443
0531,NDWI_1640,RTM,10,N3,0.370796185987364
0531,NDWI_1640,RTM,11,N3,0.3648749613311436
0531,NDWI_1640,RTM,12,N3,0.41929486298383567
0531,NDWI_1640,ELC,1,N1,0.0015061502041940887
0531,NDWI_1640,ELC,2,N1,0.031705706087036684
0531,NDWI_1640,ELC,3,N1,0.05318327979263785
0531,NDWI_1640,ELC,4,N1,0.025782013629654422
0531,NDWI_1640,ELC,5,N1,0.014586691562873101
0531,NDWI_1640,ELC,6,N1,0.03545108957319397
0531,NDWI_1640,ELC,7,N3,0.39027973486063516
0531,NDWI_1640,ELC,8,N3,0.3604557924880978
0531,NDWI_1640,ELC,9,N3,0.37024212571610154
0531,NDWI_1640,ELC,10,N3,0.3363623413226487
0531,NDWI_1640,ELC,11,N3,0.330348805570868
0531,NDWI_1640,ELC,12,N3,0.3864714856714233
0531,NDWI_1640,ELC3,1,N1,-0.002827787325748344
0531,NDWI_1640,ELC3,2,N1,0.027190781512337673
0531,NDWI_1640,ELC3,3,N1,0.048365657052986184
0531,NDWI_1640,ELC3,4,N1,0.02121822950115219
0531,NDWI_1640,ELC3,5,N1,0.010590856245598999
0531,NDWI_1640,ELC3,6,N1,0.031068529040988654
0531,NDWI_1640,ELC3,7,N3,0.3838798828154919
0531,NDWI_1640,ELC3,8,N3,0.3539787791867047
0531,NDWI_1640,ELC3,9,N3,0.36417543808219416
0531,NDWI_1640,ELC3,10,N3,0.3307694983801541
0531,NDWI_1640,ELC3,11,N3,0.3243192675954567
0531,NDWI_1640,ELC3,12,N3,0.380351971670916
0531,NRI850_1510,Reference,1,N1,0.028854170887490333
0531,NRI850_1510,Reference,2,N1,0.0731503325377967
0531,NRI850_1510,Reference,3,N1,0.060750982953631356
0531,NRI850_1510,Reference,4,N1,0.023494841581286847
0531,NRI850_1510,Reference,5,N1,0.02424847902851952
0531,NRI850_1510,Reference,6,N1,0.06256527162151972
0531,NRI850_1510,Reference,7,N3,0.5626990681502125
0531,NRI850_1510,Reference,8,N3,0.5047655508235496
0531,NRI850_1510,Reference,9,N3,0.4906470952377711
0531,NRI850_1510,Reference,10,N3,0.5426620172620565
0531,NRI850_1510,Reference,11,N3,0.39151593754992897
0531,NRI850_1510,Reference,12,N3,0.4888071458942997
0531,NRI850_1510,RTM,1,N1,0.09350357479682854
0531,NRI850_1510,RTM,2,N1,0.12909252088288883
0531,NRI850_1510,RTM,3,N1,0.15346260075296633
0531,NRI850_1510,RTM,4,N1,0.11718027262383339
0531,NRI850_1510,RTM,5,N1,0.10648250351237992
0531,NRI850_1510,RTM,6,N1,0.13382997521134848
0531,NRI850_1510,RTM,7,N3,0.5866055552755043
0531,NRI850_1510,RTM,8,N3,0.5558677123086313
0531,NRI850_1510,RTM,9,N3,0.5733646160762216
0531,NRI850_1510,RTM,10,N3,0.52356054232635
0531,NRI850_1510,RTM,11,N3,0.5286961823578172
0531,NRI850_1510,RTM,12,N3,0.5929125924634807
0531,NRI850_1510,ELC,1,N1,0.06190590763186624
0531,NRI850_1510,ELC,2,N1,0.09797344948999699
0531,NRI850_1510,ELC,3,N1,0.12234806611956515
0531,NRI850_1510,ELC,4,N1,0.08577623942503101
0531,NRI850_1510,ELC,5,N1,0.07443071664436203
0531,NRI850_1510,ELC,6,N1,0.10192542351372631
0531,NRI850_1510,ELC,7,N3,0.5661088572632332
0531,NRI850_1510,ELC,8,N3,0.5343739317807299
0531,NRI850_1510,ELC,9,N3,0.552237825758172
0531,NRI850_1510,ELC,10,N3,0.5005988499139764
0531,NRI850_1510,ELC,11,N3,0.5063195594568893
0531,NRI850_1510,ELC,12,N3,0.5734742361409078
0531,NRI850_1510,ELC3,1,N1,0.05510167940870012
0531,NRI850_1510,ELC3,2,N1,0.0905765558573496
0531,NRI850_1510,ELC3,3,N1,0.11425555022818841
0531,NRI850_1510,ELC3,4,N1,0.07845086084774111
0531,NRI850_1510,ELC3,5,N1,0.0680530535155113
0531,NRI850_1510,ELC3,6,N1,0.09469612504519861
0531,NRI850_1510,ELC3,7,N3,0.5499140878824836
0531,NRI850_1510,ELC3,8,N3,0.5183634241502251
0531,NRI850_1510,ELC3,9,N3,0.5367622619873913
0531,NRI850_1510,ELC3,10,N3,0.48679521470025966
0531,NRI850_1510,ELC3,11,N3,0.4914465713869421
0531,NRI850_1510,ELC3,12,N3,0.5576178748165636
0531,LWVI2,Reference,1,N1,0.00345664819500616
0531,LWVI2,Reference,2,N1,0.018428765604483702
0531,LWVI2,Reference,3,N1,0.015637332654714692
0531,LWVI2,Reference,4,N1,0.005727768011307154
0531,LWVI2,Reference,5,N1,0.005723589756422046
0531,LWVI2,Reference,6,N1,0.013104955286910006
0531,LWVI2,Reference,7,N3,0.1479881968239634
0531,LWVI2,Reference,8,N3,0.13175931836927662
0531,LWVI2,Reference,9,N3,0.12322293806578939
0531,LWVI2,Reference,10,N3,0.13617116192831868
0531,LWVI2,Reference,11,N3,0.09650715297509452
0531,LWVI2,Reference,12,N3,0.12109244773159991
0531,LWVI2,RTM,1,N1,0.00366298873848188
0531,LWVI2,RTM,2,N1,0.015917206864625853
0531,LWVI2,RTM,3,N1,0.01745984288039169
0531,LWVI2,RTM,4,N1,0.010746421043341866
0531,LWVI2,RTM,5,N1,0.007247215484184938
0531,LWVI2,RTM,6,N1,0.014112093445237561
0531,LWVI2,RTM,7,N3,0.15413338992481815
0531,LWVI2,RTM,8,N3,0.139933302074344
0531,LWVI2,RTM,9,N3,0.14477413515359872
0531,LWVI2,RTM,10,N3,0.13271429399319074
0531,LWVI2,RTM,11,N3,0.12880598578709926
0531,LWVI2,RTM,12,N3,0.14828053391719132
0531,LWVI2,ELC,1,N1,0.0015333641698012707
0531,LWVI2,ELC,2,N1,0.013459746951418394
0531,LWVI2,ELC,3,N1,0.01502299545495172
0531,LWVI2,ELC,4,N1,0.008240152459043543
0531,LWVI2,ELC,5,N1,0.00491711893984209
0531,LWVI2,ELC,6,N1,0.011561052312815455
0531,LWVI2,ELC,7,N3,0.15029481787384869
0531,LWVI2,ELC,8,N3,0.13613834670642197
0531,LWVI2,ELC,9,N3,0.14089006644945345
0531,LWVI2,ELC,10,N3,0.1288294414769123
0531,LWVI2,ELC,11,N3,0.1249611797295901
0531,LWVI2,ELC,12,N3,0.14353185394522455
0531,LWVI2,ELC3,1,N1,0.001159417465349797
0531,LWVI2,ELC3,2,N1,0.012876020154313276
0531,LWVI2,ELC3,3,N1,0.01433507144782925
0531,LWVI2,ELC3,4,N1,0.007708471176221136
0531,LWVI2,ELC3,5,N1,0.004528517947996469
0531,LWVI2,ELC3,6,N1,0.011011468827288895
0531,LWVI2,ELC3,7,N3,0.1471364874588787
0531,LWVI2,ELC3,8,N3,0.133209298954113
0531,LWVI2,ELC3,9,N3,0.13806904879564663
0531,LWVI2,ELC3,10,N3,0.12631166797761154
0531,LWVI2,ELC3,11,N3,0.12240600374013176
0531,LWVI2,ELC3,12,N3,0.1406740339051518
0531,NDNI,Reference,1,N1,-0.04714717916237488
0531,NDNI,Reference,2,N1,-0.07011728864536554
0531,NDNI,Reference,3,N1,-0.06228531775777371
0531,NDNI,Reference,4,N1,-0.0420404256461302
0531,NDNI,Reference,5,N1,-0.04206921399301639
0531,NDNI,Reference,6,N1,-0.0652798144869916
0531,NDNI,Reference,7,N3,-0.4139470293799234
0531,NDNI,Reference,8,N3,-0.3663005745385198
0531,NDNI,Reference,9,N3,-0.3615024664716835
0531,NDNI,Reference,10,N3,-0.40687476771331127
0531,NDNI,Reference,11,N3,-0.28722202930133867
0531,NDNI,Reference,12,N3,-0.36203641475813486
0531,NDNI,RTM,1,N1,-0.12774007104583435
0531,NDNI,RTM,2,N1,-0.14954656325681856
0531,NDNI,RTM,3,N1,-0.1750072237638931
0531,NDNI,RTM,4,N1,-0.1471385344350309
0531,NDNI,RTM,5,N1,-0.13635714072099256
0531,NDNI,RTM,6,N1,-0.1543256865839556
0531,NDNI,RTM,7,N3,-0.471948500854862
0531,NDNI,RTM,8,N3,-0.4522590113242804
0531,NDNI,RTM,9,N3,-0.46324785513099864
0531,NDNI,RTM,10,N3,-0.41943609901639684
0531,NDNI,RTM,11,N3,-0.4312739667431673
0531,NDNI,RTM,12,N3,-0.48569998762420613
0531,NDNI,ELC,1,N1,-0.11556574255808476
0531,NDNI,ELC,2,N1,-0.1380422183012638
0531,NDNI,ELC,3,N1,-0.16314336847059943
0531,NDNI,ELC,4,N1,-0.13795119917150359
0531,NDNI,ELC,5,N1,-0.1255766162381924
0531,NDNI,ELC,6,N1,-0.14130174566565842
0531,NDNI,ELC,7,N3,-0.45510786230836187
0531,NDNI,ELC,8,N3,-0.43720360729572955
0531,NDNI,ELC,9,N3,-0.4451099648231494
0531,NDNI,ELC,10,N3,-0.4011951117882432
0531,NDNI,ELC,11,N3,-0.413775722859298
0531,NDNI,ELC,12,N3,-0.47024632242926123
0531,NDNI,ELC3,1,N1,-0.07744347565759793
0531,NDNI,ELC3,2,N1,-0.09953157550262878
0531,NDNI,ELC3,3,N1,-0.12328711224194933
0531,NDNI,ELC3,4,N1,-0.09970809999711971
0531,NDNI,ELC3,5,N1,-0.09121710365158096
0531,NDNI,ELC3,6,N1,-0.10388611713506193
0531,NDNI,ELC3,7,N3,-0.4096031256453081
0531,NDNI,ELC3,8,N3,-0.39121863105881827
0531,NDNI,ELC3,9,N3,-0.40117545239913593
0531,NDNI,ELC3,10,N3,-0.3603346677586295
0531,NDNI,ELC3,11,N3,-0.3696923258846324
0531,NDNI,ELC3,12,N3,-0.42694797374725585
0612,NDVI,Reference,1,N1,0.333968249002793
0612,NDVI,Reference,2,N1,0.3626238642114776
0612,NDVI,Reference,3,N1,0.3032061513655422
0612,NDVI,Reference,4,N1,0.2574009731319918
0612,NDVI,Reference,5,N1,0.3140322752878416
0612,NDVI,Reference,6,N1,0.3468608521573269
0612,NDVI,Reference,7,N3,0.811932865424238
0612,NDVI,Reference,8,N3,0.8100619961266864
0612,NDVI,Reference,9,N3,0.8172098574006638
0612,NDVI,Reference,10,N3,0.7878302160493464
0612,NDVI,Reference,11,N3,0.7563895917919264
0612,NDVI,Reference,12,N3,0.8087675411622067
0612,NDVI,RTM,1,N1,0.29124208027249676
0612,NDVI,RTM,2,N1,0.2999496568376557
0612,NDVI,RTM,3,N1,0.30727613425414224
0612,NDVI,RTM,4,N1,0.2593911038862464
0612,NDVI,RTM,5,N1,0.28936736477985675
0612,NDVI,RTM,6,N1,0.3020293775723048
0612,NDVI,RTM,7,N3,0.7946117971204878
0612,NDVI,RTM,8,N3,0.792879974675812
0612,NDVI,RTM,9,N3,0.7935826648671157
0612,NDVI,RTM,10,N3,0.7501156273558451
0612,NDVI,RTM,11,N3,0.7441271681688792
0612,NDVI,RTM,12,N3,0.7993143724711279
0612,NDVI,ELC,1,N1,0.27884427824212465
0612,NDVI,ELC,2,N1,0.28757836253654434
0612,NDVI,ELC,3,N1,0.2949632446002512
0612,NDVI,ELC,4,N1,0.24677612637449306
0612,NDVI,ELC,5,N1,0.2767844099373592
0612,NDVI,ELC,6,N1,0.2895235128008024
0612,NDVI,ELC,7,N3,0.7878136571722523
0612,NDVI,ELC,8,N3,0.7859711178761872
0612,NDVI,ELC,9,N3,0.7866900178144952
0612,NDVI,ELC,10,N3,0.7423897925512627
0612,NDVI,ELC,11,N3,0.7362626953608998
0612,NDVI,ELC,12,N3,0.7923383004228538
0612,NDVI,ELC3,1,N1,0.3037625811439291
0612,NDVI,ELC3,2,N1,0.31494981672028377
0612,NDVI,ELC3,3,N1,0.32387007940292745
0612,NDVI,ELC3,4,N1,0.2692561540004886
0612,NDVI,ELC3,5,N1,0.30143276993817875
0612,NDVI,ELC3,6,N1,0.31552466210902835
0612,NDVI,ELC3,7,N3,0.888421231304167
0612,NDVI,ELC3,8,N3,0.8868863495101685
0612,NDVI,ELC3,9,N3,0.8841750037269901
0612,NDVI,ELC3,10,N3,0.8366618454734911
0612,NDVI,ELC3,11,N3,0.8321000663330352
0612,NDVI,ELC3,12,N3,0.8984753868897226
0612,NCNI,Reference,1,N1,0.01889983742141173
0612,NCNI,Reference,2,N1,0.022177879891416157
0612,NCNI,Reference,3,N1,0.015178473132044108
0612,NCNI,Reference,4,N1,0.01061541479593723
0612,NCNI,Reference,5,N1,0.01627254562690838
0612,NCNI,Reference,6,N1,0.019074959010865693
0612,NCNI,Reference,7,N3,0.09163673456724228
0612,NCNI,Reference,8,N3,0.09276967330216446
0612,NCNI,Reference,9,N3,0.09142736618431045
0612,NCNI,Reference,10,N3,0.09129161395217937
0612,NCNI,Reference,11,N3,0.06183818391338716
0612,NCNI,Reference,12,N3,0.08311721687430466
0612,NCNI,RTM,1,N1,0.013830483723894709
0612,NCNI,RTM,2,N1,0.014414205419281068
0612,NCNI,RTM,3,N1,0.014256527798936854
0612,NCNI,RTM,4,N1,0.010219550050372535
0612,NCNI,RTM,5,N1,0.013072689798487178
0612,NCNI,RTM,6,N1,0.013462227340157342
0612,NCNI,RTM,7,N3,0.07328840918881792
0612,NCNI,RTM,8,N3,0.07308588968848272
0612,NCNI,RTM,9,N3,0.07353490442088226
0612,NCNI,RTM,10,N3,0.06500663635612455
0612,NCNI,RTM,11,N3,0.052305599805218185
0612,NCNI,RTM,12,N3,0.07024467427525141
0612,NCNI,ELC,1,N1,0.01255643304168887
0612,NCNI,ELC,2,N1,0.01308235387349214
0612,NCNI,ELC,3,N1,0.01295995864420443
0612,NCNI,ELC,4,N1,0.009234837858031253
0612,NCNI,ELC,5,N1,0.01186186527561452
0612,NCNI,ELC,6,N1,0.012226607858359644
0612,NCNI,ELC,7,N3,0.06850048467582417
0612,NCNI,ELC,8,N3,0.06837051550299347
0612,NCNI,ELC,9,N3,0.06872731887403348
0612,NCNI,ELC,10,N3,0.060712213611987434
0612,NCNI,ELC,11,N3,0.048920631219915384
0612,NCNI,ELC,12,N3,0.06575880837249622
0612,NCNI,ELC3,1,N1,0.014463564887218066
0612,NCNI,ELC3,2,N1,0.015188156062721829
0612,NCNI,ELC3,3,N1,0.015128182366874717
0612,NCNI,ELC3,4,N1,0.010620508167031686
0612,NCNI,ELC3,5,N1,0.013665431803359931
0612,NCNI,ELC3,6,N1,0.01413105054428066
0612,NCNI,ELC3,7,N3,0.12763299966988081
0612,NCNI,ELC3,8,N3,0.12720061181039563
0612,NCNI,ELC3,9,N3,0.1255296364827651
0612,NCNI,ELC3,10,N3,0.09939892387671732
0612,NCNI,ELC3,11,N3,0.08172621453174692
0612,NCNI,ELC3,12,N3,0.12962996274047067
0612,NDWI_1640,Reference,1,N1,0.030111673351799473
0612,NDWI_1640,Reference,2,N1,0.036779774745192194
0612,NDWI_1640,Reference,3,N1,-0.00042075717147562207
0612,NDWI_1640,Reference,4,N1,-0.02032186587175573
0612,NDWI_1640,Reference,5,N1,0.02380320544222609
0612,NDWI_1640,Reference,6,N1,0.03591013386170885
0612,NDWI_1640,Reference,7,N3,0.42030623584944676
0612,NDWI_1640,Reference,8,N3,0.41515847966554914
0612,NDWI_1640,Reference,9,N3,0.4277030451768513
0612,NDWI_1640,Reference,10,N3,0.3525044003597558
0612,NDWI_1640,Reference,11,N3,0.3623418455318489
0612,NDWI_1640,Reference,12,N3,0.41470486727920375
0612,NDWI_1640,RTM,1,N1,0.0007884499433447764
0612,NDWI_1640,RTM,2,N1,-0.0018490146016694113
0612,NDWI_1640,RTM,3,N1,-0.0124263630290236
0612,NDWI_1640,RTM,4,N1,-0.02438894458918449
0612,NDWI_1640,RTM,5,N1,0.004854840610593078
0612,NDWI_1640,RTM,6,N1,-0.004866803466188905
0612,NDWI_1640,RTM,7,N3,0.3677482677129572
0612,NDWI_1640,RTM,8,N3,0.36945353855434226
0612,NDWI_1640,RTM,9,N3,0.36073823927500676
0612,NDWI_1640,RTM,10,N3,0.3184271440242605
0612,NDWI_1640,RTM,11,N3,0.29053175698535466
0612,NDWI_1640,RTM,12,N3,0.3663780570279491
0612,NDWI_1640,ELC,1,N1,0.008886037898753002
0612,NDWI_1640,ELC,2,N1,0.004197198237919144
0612,NDWI_1640,ELC,3,N1,0.0071451525837626295
0612,NDWI_1640,ELC,4,N1,-0.02104836342592576
0612,NDWI_1640,ELC,5,N1,0.0077215574943546505
0612,NDWI_1640,ELC,6,N1,0.0035482339176956487
0612,NDWI_1640,ELC,7,N3,0.3799533657517513
0612,NDWI_1640,ELC,8,N3,0.3674642086244605
0612,NDWI_1640,ELC,9,N3,0.3742484910765613
0612,NDWI_1640,ELC,10,N3,0.30738004158576726
0612,NDWI_1640,ELC,11,N3,0.31025344601293037
0612,NDWI_1640,ELC,12,N3,0.37606286920626203
0612,NDWI_1640,ELC3,1,N1,-0.0017270803888990906
0612,NDWI_1640,ELC3,2,N1,-0.007275424708794484
0612,NDWI_1640,ELC3,3,N1,-0.004725405051346403
0612,NDWI_1640,ELC3,4,N1,-0.03270325744511284
0612,NDWI_1640,ELC3,5,N1,-0.0028035163365609885
0612,NDWI_1640,ELC3,6,N1,-0.0071597387351341624
0612,NDWI_1640,ELC3,7,N3,0.38181709923025836
0612,NDWI_1640,ELC3,8,N3,0.3686884167229937
0612,NDWI_1640,ELC3,9,N3,0.37592118127401936
0612,NDWI_1640,ELC3,10,N3,0.30579807791476
0612,NDWI_1640,ELC3,11,N3,0.3085913890807548
0612,NDWI_1640,ELC3,12,N3,0.37761160503184865
0612,NRI850_1510,Reference,1,N1,0.10186779474198916
0612,NRI850_1510,Reference,2,N1,0.11752640475254005
0612,NRI850_1510,Reference,3,N1,0.06462947236180824
0612,NRI850_1510,Reference,4,N1,0.033750312934658605
0612,NRI850_1510,Reference,5,N1,0.09191283460869251
0612,NRI850_1510,Reference,6,N1,0.11198360979600117
0612,NRI850_1510,Reference,7,N3,0.6053066018785388
0612,NRI850_1510,Reference,8,N3,0.6022270121364232
0612,NRI850_1510,Reference,9,N3,0.6148902815759397
0612,NRI850_1510,Reference,10,N3,0.5385403709595202
0612,NRI850_1510,Reference,11,N3,0.5376099150234722
0612,NRI850_1510,Reference,12,N3,0.6039714571954741
0612,NRI850_1510,RTM,1,N1,0.06663314908362347
0612,NRI850_1510,RTM,2,N1,0.06473159457775281
0612,NRI850_1510,RTM,3,N1,0.0482619793647354
0612,NRI850_1510,RTM,4,N1,0.030278718935614304
0612,NRI850_1510,RTM,5,N1,0.06623346050730107
0612,NRI850_1510,RTM,6,N1,0.05669000635122267
0612,NRI850_1510,RTM,7,N3,0.5472844233161496
0612,NRI850_1510,RTM,8,N3,0.549600042940851
0612,NRI850_1510,RTM,9,N3,0.5242414982951112
0612,NRI850_1510,RTM,10,N3,0.4946055450270128
0612,NRI850_1510,RTM,11,N3,0.4446869097319061
0612,NRI850_1510,RTM,12,N3,0.544925619843741
0612,NRI850_1510,ELC,1,N1,0.07613649458015939
0612,NRI850_1510,ELC,2,N1,0.0730240228017147
0612,NRI850_1510,ELC,3,N1,0.0749947698117847
0612,NRI850_1510,ELC,4,N1,0.032923143447754995
0612,NRI850_1510,ELC,5,N1,0.06973028399314161
0612,NRI850_1510,ELC,6,N1,0.06845692667965177
0612,NRI850_1510,ELC,7,N3,0.5621096603313579
0612,NRI850_1510,ELC,8,N3,0.5527513269808336
0612,NRI850_1510,ELC,9,N3,0.5500811553988729
0612,NRI850_1510,ELC,10,N3,0.4819669147186555
0612,NRI850_1510,ELC,11,N3,0.4719404486453071
0612,NRI850_1510,ELC,12,N3,0.5557742218949064
0612,NRI850_1510,ELC3,1,N1,0.067123860141377
0612,NRI850_1510,ELC3,2,N1,0.0632079926422543
0612,NRI850_1510,ELC3,3,N1,0.06478962923403939
0612,NRI850_1510,ELC3,4,N1,0.02256477970378298
0612,NRI850_1510,ELC3,5,N1,0.060665703573366515
0612,NRI850_1510,ELC3,6,N1,0.05929018888382309
0612,NRI850_1510,ELC3,7,N3,0.5713022421488007
0612,NRI850_1510,ELC3,8,N3,0.5614571003965989
0612,NRI850_1510,ELC3,9,N3,0.5584798652544787
0612,NRI850_1510,ELC3,10,N3,0.4869670052571611
0612,NRI850_1510,ELC3,11,N3,0.47644208903735086
0612,NRI850_1510,ELC3,12,N3,0.5648083219729354
0612,LWVI2,Reference,1,N1,0.02400515614797083
0612,LWVI2,Reference,2,N1,0.0251369997667231
0612,LWVI2,Reference,3,N1,0.014723969932148216
0612,LWVI2,Reference,4,N1,0.009849044237761539
0612,LWVI2,Reference,5,N1,0.025199019432719783
0612,LWVI2,Reference,6,N1,0.02564800622447632
0612,LWVI2,Reference,7,N3,0.16199008611699914
0612,LWVI2,Reference,8,N3,0.15093647416554867
0612,LWVI2,Reference,9,N3,0.15811130852054556
0612,LWVI2,Reference,10,N3,0.13353184249285432
0612,LWVI2,Reference,11,N3,0.13972660442625298
0612,LWVI2,Reference,12,N3,0.15407506075407218
0612,LWVI2,RTM,1,N1,0.0259447667391485
0612,LWVI2,RTM,2,N1,0.021674511785132057
0612,LWVI2,RTM,3,N1,0.01797746213507841
0612,LWVI2,RTM,4,N1,0.0168275618430133
0612,LWVI2,RTM,5,N1,0.025167060022092565
0612,LWVI2,RTM,6,N1,0.022924430400320262
0612,LWVI2,RTM,7,N3,0.14596907291725794
0612,LWVI2,RTM,8,N3,0.14362466107738972
0612,LWVI2,RTM,9,N3,0.13532508733116283
0612,LWVI2,RTM,10,N3,0.13035982613995228
0612,LWVI2,RTM,11,N3,0.11368642321020732
0612,LWVI2,RTM,12,N3,0.14182716690676
0612,LWVI2,ELC,1,N1,0.02795257549000428
0612,LWVI2,ELC,2,N1,0.024602802205046268
0612,LWVI2,ELC,3,N1,0.024507447267966886
0612,LWVI2,ELC,4,N1,0.01842299715110113
0612,LWVI2,ELC,5,N1,0.027166618451889158
0612,LWVI2,ELC,6,N1,0.027283064451190508
0612,LWVI2,ELC,7,N3,0.15131051170175755
0612,LWVI2,ELC,8,N3,0.14645715303756177
0612,LWVI2,ELC,9,N3,0.14482787054788757
0612,LWVI2,ELC,10,N3,0.1268635715024417
0612,LWVI2,ELC,11,N3,0.12288946546825533
0612,LWVI2,ELC,12,N3,0.1436610714990953
0612,LWVI2,ELC3,1,N1,0.027481803407570993
0612,LWVI2,ELC3,2,N1,0.02401001302854596
0612,LWVI2,ELC3,3,N1,0.02386814558133902
0612,LWVI2,ELC3,4,N1,0.017740095784673785
0612,LWVI2,ELC3,5,N1,0.026666294742629184
0612,LWVI2,ELC3,6,N1,0.026791948135615803
0612,LWVI2,ELC3,7,N3,0.15362496690867042
0612,LWVI2,ELC3,8,N3,0.14862965421363303
0612,LWVI2,ELC3,9,N3,0.14696031082982855
0612,LWVI2,ELC3,10,N3,0.1285296516803171
0612,LWVI2,ELC3,11,N3,0.12452388325907549
0612,LWVI2,ELC3,12,N3,0.1458914528287135
0612,NDNI,Reference,1,N1,-0.09449837039900988
0612,NDNI,Reference,2,N1,-0.1076373406523841
0612,NDNI,Reference,3,N1,-0.07100793793107496
0612,NDNI,Reference,4,N1,-0.045132396582638304
0612,NDNI,Reference,5,N1,-0.08534134220023858
0612,NDNI,Reference,6,N1,-0.0965604693662996
0612,NDNI,Reference,7,N3,-0.4553342754752395
0612,NDNI,Reference,8,N3,-0.46559349801044164
0612,NDNI,Reference,9,N3,-0.4733368563118592
0612,NDNI,Reference,10,N3,-0.415804968285267
0612,NDNI,Reference,11,N3,-0.4024803435033127
0612,NDNI,Reference,12,N3,-0.4654816188212249
0612,NDNI,RTM,1,N1,-0.0611332945041878
0612,NDNI,RTM,2,N1,-0.06633122175788321
0612,NDNI,RTM,3,N1,-0.05254093087816834
0612,NDNI,RTM,4,N1,-0.03465129489078578
0612,NDNI,RTM,5,N1,-0.06029884506913017
0612,NDNI,RTM,6,N1,-0.052142509562728014
0612,NDNI,RTM,7,N3,-0.41818722441502554
0612,NDNI,RTM,8,N3,-0.42414021309449007
0612,NDNI,RTM,9,N3,-0.4015539084718202
0612,NDNI,RTM,10,N3,-0.38264702591748806
0612,NDNI,RTM,11,N3,-0.33388247977989277
0612,NDNI,RTM,12,N3,-0.4216062693861735
0612,NDNI,ELC,1,N1,-0.09658485950980254
0612,NDNI,ELC,2,N1,-0.1034295810263992
0612,NDNI,ELC,3,N1,-0.10287973333083025
0612,NDNI,ELC,4,N1,-0.0663909169228358
0612,NDNI,ELC,5,N1,-0.0893716998355172
0612,NDNI,ELC,6,N1,-0.08620385362405901
0612,NDNI,ELC,7,N3,-0.44541635716228933
0612,NDNI,ELC,8,N3,-0.4407411931048102
0612,NDNI,ELC,9,N3,-0.43697713189619636
0612,NDNI,ELC,10,N3,-0.38864914729461525
0612,NDNI,ELC,11,N3,-0.3702872079430696
0612,NDNI,ELC,12,N3,-0.44862473967605976
0612,NDNI,ELC3,1,N1,-0.07138888923666241
0612,NDNI,ELC3,2,N1,-0.07658208342334111
0612,NDNI,ELC3,3,N1,-0.0742861757890125
0612,NDNI,ELC3,4,N1,-0.03942135609854177
0612,NDNI,ELC3,5,N1,-0.06417095041613902
0612,NDNI,ELC3,6,N1,-0.06044796704102706
0612,NDNI,ELC3,7,N3,-0.43288697096502304
0612,NDNI,ELC3,8,N3,-0.42759414551762176
0612,NDNI,ELC3,9,N3,-0.4245363326188384
0612,NDNI,ELC3,10,N3,-0.37153879890870506
0612,NDNI,ELC3,11,N3,-0.34915772754806174
0612,NDNI,ELC3,12,N3,-0.4347519618771226
0625,NDVI,Reference,1,N1,0.2886013701476615
0625,NDVI,Reference,2,N1,0.2792094869741858
0625,NDVI,Reference,3,N1,0.3538691924484897
0625,NDVI,Reference,4,N1,0.25808770377291335
0625,NDVI,Reference,5,N1,0.2817764073137684
0625,NDVI,Reference,6,N1,0.31998897501971035
0625,NDVI,Reference,7,N3,0.7523315018379007
0625,NDVI,Reference,8,N3,0.7300833611463045
0625,NDVI,Reference,9,N3,0.8028919296206631
0625,NDVI,Reference,10,N3,0.6833248367008798
0625,NDVI,Reference,11,N3,0.744343885708212
0625,NDVI,Reference,12,N3,0.729578283142338
0625,NDVI,RTM,1,N1,0.29017303997600646
0625,NDVI,RTM,2,N1,0.2644565154039709
0625,NDVI,RTM,3,N1,0.3288051158256875
0625,NDVI,RTM,4,N1,0.24034916719362398
0625,NDVI,RTM,5,N1,0.26419671455230137
0625,NDVI,RTM,6,N1,0.3151714642773824
0625,NDVI,RTM,7,N3,0.7319868512109207
0625,NDVI,RTM,8,N3,0.7581666317512843
0625,NDVI,RTM,9,N3,0.772857290036182
0625,NDVI,RTM,10,N3,0.682540175553352
0625,NDVI,RTM,11,N3,0.7094671354262132
0625,NDVI,RTM,12,N3,0.744883421555935
0625,NDVI,ELC,1,N1,0.2741562443317046
0625,NDVI,ELC,2,N1,0.24847841979399543
0625,NDVI,ELC,3,N1,0.3133149363613238
0625,NDVI,ELC,4,N1,0.22399417328218457
0625,NDVI,ELC,5,N1,0.24790298399660113
0625,NDVI,ELC,6,N1,0.2994222276375578
0625,NDVI,ELC,7,N3,0.7227130631307636
0625,NDVI,ELC,8,N3,0.7494252671535191
0625,NDVI,ELC,9,N3,0.7646391780511383
0625,NDVI,ELC,10,N3,0.6723082518922154
0625,NDVI,ELC,11,N3,0.6996217922404852
0625,NDVI,ELC,12,N3,0.7358910853865352
0625,NDVI,ELC3,1,N1,0.2757463828241626
0625,NDVI,ELC3,2,N1,0.25003781634129063
0625,NDVI,ELC3,3,N1,0.31508114545685023
0625,NDVI,ELC3,4,N1,0.22535520002619783
0625,NDVI,ELC3,5,N1,0.24937443785805555
0625,NDVI,ELC3,6,N1,0.3010821440000642
0625,NDVI,ELC3,7,N3,0.7266712315785461
0625,NDVI,ELC3,8,N3,0.7534670651298871
0625,NDVI,ELC3,9,N3,0.7687224304592601
0625,NDVI,ELC3,10,N3,0.6761992361035429
0625,NDVI,ELC3,11,N3,0.7034454337174347
0625,NDVI,ELC3,12,N3,0.7398668937395104
0625,NCNI,Reference,1,N1,0.013533803132669737
0625,NCNI,Reference,2,N1,0.012186430788084561
0625,NCNI,Reference,3,N1,0.019032967796053627
0625,NCNI,Reference,4,N1,0.010204622633542477
0625,NCNI,Reference,5,N1,0.012408979329365633
0625,NCNI,Reference,6,N1,0.01690054784316781
0625,NCNI,Reference,7,N3,0.06990843138373241
0625,NCNI,Reference,8,N3,0.06339598515113845
0625,NCNI,Reference,9,N3,0.10346965230152627
0625,NCNI,Reference,10,N3,0.05872045502251279
0625,NCNI,Reference,11,N3,0.06051110561281288
0625,NCNI,Reference,12,N3,0.05804997748879158
0625,NCNI,RTM,1,N1,0.012844593656874594
0625,NCNI,RTM,2,N1,0.010742241550661585
0625,NCNI,RTM,3,N1,0.016679701351006822
0625,NCNI,RTM,4,N1,0.008567254781932265
0625,NCNI,RTM,5,N1,0.010246390265094957
0625,NCNI,RTM,6,N1,0.014894397185524691
0625,NCNI,RTM,7,N3,0.06701929060638898
0625,NCNI,RTM,8,N3,0.07115161050835288
0625,NCNI,RTM,9,N3,0.08357422726884532
0625,NCNI,RTM,10,N3,0.05447441829415121
0625,NCNI,RTM,11,N3,0.0516392593205888
0625,NCNI,RTM,12,N3,0.06644208061825521
0625,NCNI,ELC,1,N1,0.011828488509858836
0625,NCNI,ELC,2,N1,0.009856433076732521
0625,NCNI,ELC,3,N1,0.015433566839085321
0625,NCNI,ELC,4,N1,0.007824260321868415
0625,NCNI,ELC,5,N1,0.009401782473718623
0625,NCNI,ELC,6,N1,0.013757119579010702
0625,NCNI,ELC,7,N3,0.06318060927014937
0625,NCNI,ELC,8,N3,0.06711716408431904
0625,NCNI,ELC,9,N3,0.07883958537296465
0625,NCNI,ELC,10,N3,0.05128829236989525
0625,NCNI,ELC,11,N3,0.04871302267611595
0625,NCNI,ELC,12,N3,0.0626366284090404
0625,NCNI,ELC3,1,N1,0.011859428335887356
0625,NCNI,ELC3,2,N1,0.009874203504618683
0625,NCNI,ELC3,3,N1,0.015488578314421422
0625,NCNI,ELC3,4,N1,0.007831812561885433
0625,NCNI,ELC3,5,N1,0.009418047058401475
0625,NCNI,ELC3,6,N1,0.013800549727322297
0625,NCNI,ELC3,7,N3,0.06420595358159728
0625,NCNI,ELC3,8,N3,0.06832607141664408
0625,NCNI,ELC3,9,N3,0.08033568375798607
0625,NCNI,ELC3,10,N3,0.052002568078897915
0625,NCNI,ELC3,11,N3,0.04943433928741016
0625,NCNI,ELC3,12,N3,0.06369931686928376
0625,NDWI_1640,Reference,1,N1,-0.0019002158700254677
0625,NDWI_1640,Reference,2,N1,-0.011959011083363788
0625,NDWI_1640,Reference,3,N1,0.028461363387432565
0625,NDWI_1640,Reference,4,N1,-0.016434532772235968
0625,NDWI_1640,Reference,5,N1,-0.0017513239100777765
0625,NDWI_1640,Reference,6,N1,0.020384308965792183
0625,NDWI_1640,Reference,7,N3,0.356143383958377
0625,NDWI_1640,Reference,8,N3,0.332969360505574
0625,NDWI_1640,Reference,9,N3,0.3998984518270255
0625,NDWI_1640,Reference,10,N3,0.28023220964153905
0625,NDWI_1640,Reference,11,N3,0.3469995365799198
0625,NDWI_1640,Reference,12,N3,0.343019802563611
0625,NDWI_1640,RTM,1,N1,0.026946979210975528
0625,NDWI_1640,RTM,2,N1,0.012077160320636089
0625,NDWI_1640,RTM,3,N1,0.05144749260225126
0625,NDWI_1640,RTM,4,N1,0.011187321546341698
0625,NDWI_1640,RTM,5,N1,0.030593047599957273
0625,NDWI_1640,RTM,6,N1,0.05810008067590212
0625,NDWI_1640,RTM,7,N3,0.4051872517235462
0625,NDWI_1640,RTM,8,N3,0.420197183452008
0625,NDWI_1640,RTM,9,N3,0.4171673599630484
0625,NDWI_1640,RTM,10,N3,0.33863814849219387
0625,NDWI_1640,RTM,11,N3,0.38312283040443457
0625,NDWI_1640,RTM,12,N3,0.4100005869111531
0625,NDWI_1640,ELC,1,N1,-0.011709395797936126
0625,NDWI_1640,ELC,2,N1,-0.02629435955751804
0625,NDWI_1640,ELC,3,N1,0.014413848601284352
0625,NDWI_1640,ELC,4,N1,-0.02829305384560083
0625,NDWI_1640,ELC,5,N1,-0.008223883409394917
0625,NDWI_1640,ELC,6,N1,0.018558218415700947
0625,NDWI_1640,ELC,7,N3,0.37345342531235076
0625,NDWI_1640,ELC,8,N3,0.3877086708785298
0625,NDWI_1640,ELC,9,N3,0.3839990291463072
0625,NDWI_1640,ELC,10,N3,0.3039081370610137
0625,NDWI_1640,ELC,11,N3,0.3503778183425885
0625,NDWI_1640,ELC,12,N3,0.37864577278487516
0625,NDWI_1640,ELC3,1,N1,-0.012299943315335682
0625,NDWI_1640,ELC3,2,N1,-0.026960956938618434
0625,NDWI_1640,ELC3,3,N1,0.01395222361702214
0625,NDWI_1640,ELC3,4,N1,-0.028959743127541487
0625,NDWI_1640,ELC3,5,N1,-0.00879811505874487
0625,NDWI_1640,ELC3,6,N1,0.018114301356965734
0625,NDWI_1640,ELC3,7,N3,0.37530509724983196
0625,NDWI_1640,ELC3,8,N3,0.38963071038815117
0625,NDWI_1640,ELC3,9,N3,0.38584867677269186
0625,NDWI_1640,ELC3,10,N3,0.30530141872106337
0625,NDWI_1640,ELC3,11,N3,0.3520604335717166
0625,NDWI_1640,ELC3,12,N3,0.38050110089196165
0625,NRI850_1510,Reference,1,N1,0.057654834789551024
0625,NRI850_1510,Reference,2,N1,0.048107044909181496
0625,NRI850_1510,Reference,3,N1,0.10137661245125264
0625,NRI850_1510,Reference,4,N1,0.036578522128357785
0625,NRI850_1510,Reference,5,N1,0.05507114780127803
0625,NRI850_1510,Reference,6,N1,0.08718238263730532
0625,NRI850_1510,Reference,7,N3,0.514257870993014
0625,NRI850_1510,Reference,8,N3,0.4914310986447693
0625,NRI850_1510,Reference,9,N3,0.5812531613699327
0625,NRI850_1510,Reference,10,N3,0.43129899886872564
0625,NRI850_1510,Reference,11,N3,0.5087445586384176
0625,NRI850_1510,Reference,12,N3,0.501213011943672
0625,NRI850_1510,RTM,1,N1,0.08541506839134184
0625,NRI850_1510,RTM,2,N1,0.0668178180971375
0625,NRI850_1510,RTM,3,N1,0.1180952821728258
0625,NRI850_1510,RTM,4,N1,0.0592064828459278
0625,NRI850_1510,RTM,5,N1,0.08484647441068215
0625,NRI850_1510,RTM,6,N1,0.12363613545198802
0625,NRI850_1510,RTM,7,N3,0.5619768052354441
0625,NRI850_1510,RTM,8,N3,0.5835562787881441
0625,NRI850_1510,RTM,9,N3,0.586887462350085
0625,NRI850_1510,RTM,10,N3,0.48980007140710535
0625,NRI850_1510,RTM,11,N3,0.5357885768118152
0625,NRI850_1510,RTM,12,N3,0.5699390631866789
0625,NRI850_1510,ELC,1,N1,0.050116915504399916
0625,NRI850_1510,ELC,2,N1,0.031974762397171355
0625,NRI850_1510,ELC,3,N1,0.08579659009352336
0625,NRI850_1510,ELC,4,N1,0.023410769337042794
0625,NRI850_1510,ELC,5,N1,0.0501310309973716
0625,NRI850_1510,ELC,6,N1,0.0883262950945411
0625,NRI850_1510,ELC,7,N3,0.53922086122424
0625,NRI850_1510,ELC,8,N3,0.5605272659906324
0625,NRI850_1510,ELC,9,N3,0.5637515256255681
0625,NRI850_1510,ELC,10,N3,0.4633252225382257
0625,NRI850_1510,ELC,11,N3,0.5114941410827881
0625,NRI850_1510,ELC,12,N3,0.5481023891120174
0625,NRI850_1510,ELC3,1,N1,0.047278393933833845
0625,NRI850_1510,ELC3,2,N1,0.02905772281800186
0625,NRI850_1510,ELC3,3,N1,0.08271844894546271
0625,NRI850_1510,ELC3,4,N1,0.02080223968419151
0625,NRI850_1510,ELC3,5,N1,0.04730881872158405
0625,NRI850_1510,ELC3,6,N1,0.08533280485704406
0625,NRI850_1510,ELC3,7,N3,0.531844756297505
0625,NRI850_1510,ELC3,8,N3,0.5530851775499793
0625,NRI850_1510,ELC3,9,N3,0.5564435506524166
0625,NRI850_1510,ELC3,10,N3,0.4564069044743902
0625,NRI850_1510,ELC3,11,N3,0.5044090570980998
0625,NRI850_1510,ELC3,12,N3,0.5407917654885201
0625,LWVI2,Reference,1,N1,0.017656355246094494
0625,LWVI2,Reference,2,N1,0.016185211789855703
0625,LWVI2,Reference,3,N1,0.027779451852268905
0625,LWVI2,Reference,4,N1,0.014245613786002951
0625,LWVI2,Reference,5,N1,0.02038746707160084
0625,LWVI2,Reference,6,N1,0.02362874254386804
0625,LWVI2,Reference,7,N3,0.1508710203825006
0625,LWVI2,Reference,8,N3,0.138215221685038
0625,LWVI2,Reference,9,N3,0.15453950125451837
0625,LWVI2,Reference,10,N3,0.12382371351007372
0625,LWVI2,Reference,11,N3,0.14222453114487243
0625,LWVI2,Reference,12,N3,0.14300961614127208
0625,LWVI2,RTM,1,N1,0.020809281061080334
0625,LWVI2,RTM,2,N1,0.016366174194895233
0625,LWVI2,RTM,3,N1,0.02702314862647903
0625,LWVI2,RTM,4,N1,0.013459095700651088
0625,LWVI2,RTM,5,N1,0.021528651948996794
0625,LWVI2,RTM,6,N1,0.030118302051947543
0625,LWVI2,RTM,7,N3,0.16392555460648403
0625,LWVI2,RTM,8,N3,0.16513593818144018
0625,LWVI2,RTM,9,N3,0.16377621600483136
0625,LWVI2,RTM,10,N3,0.14265340784657296
0625,LWVI2,RTM,11,N3,0.155857289114519
0625,LWVI2,RTM,12,N3,0.16595805138422692
0625,LWVI2,ELC,1,N1,0.017166844040803625
0625,LWVI2,ELC,2,N1,0.013008373785502852
0625,LWVI2,ELC,3,N1,0.024222239553546614
0625,LWVI2,ELC,4,N1,0.010244745571481481
0625,LWVI2,ELC,5,N1,0.01818286220021392
0625,LWVI2,ELC,6,N1,0.026727368596859084
0625,LWVI2,ELC,7,N3,0.15911326375543183
0625,LWVI2,ELC,8,N3,0.15993990645839057
0625,LWVI2,ELC,9,N3,0.15861471465819896
0625,LWVI2,ELC,10,N3,0.13794654053084002
0625,LWVI2,ELC,11,N3,0.15104450144949258
0625,LWVI2,ELC,12,N3,0.1617082826315766
0625,LWVI2,ELC3,1,N1,0.016492600389911467
0625,LWVI2,ELC3,2,N1,0.01235874066057626
0625,LWVI2,ELC3,3,N1,0.023406719518765686
0625,LWVI2,ELC3,4,N1,0.009687017456834623
0625,LWVI2,ELC3,5,N1,0.01747108509950539
0625,LWVI2,ELC3,6,N1,0.025885994734579497
0625,LWVI2,ELC3,7,N3,0.15531176897092847
0625,LWVI2,ELC3,8,N3,0.15620529832498756
0625,LWVI2,ELC3,9,N3,0.1550854314691306
0625,LWVI2,ELC3,10,N3,0.13464192448512124
0625,LWVI2,ELC3,11,N3,0.1474768538385157
0625,LWVI2,ELC3,12,N3,0.15800192864007925
0625,NDNI,Reference,1,N1,-0.05729978984256872
0625,NDNI,Reference,2,N1,-0.05458626161211053
0625,NDNI,Reference,3,N1,-0.08861084121438212
0625,NDNI,Reference,4,N1,-0.04249714418821618
0625,NDNI,Reference,5,N1,-0.05586191262569556
0625,NDNI,Reference,6,N1,-0.08149979497862235
0625,NDNI,Reference,7,N3,-0.3666158526025227
0625,NDNI,Reference,8,N3,-0.35527039480099876
0625,NDNI,Reference,9,N3,-0.4414327934875797
0625,NDNI,Reference,10,N3,-0.3130871505875609
0625,NDNI,Reference,11,N3,-0.36647314056638597
0625,NDNI,Reference,12,N3,-0.3657684343839807
0625,NDNI,RTM,1,N1,-0.09495168465865184
0625,NDNI,RTM,2,N1,-0.08891582908415178
0625,NDNI,RTM,3,N1,-0.11976905897623068
0625,NDNI,RTM,4,N1,-0.07919800354519277
0625,NDNI,RTM,5,N1,-0.09847528081247418
0625,NDNI,RTM,6,N1,-0.1223716642034707
0625,NDNI,RTM,7,N3,-0.42914244856622286
0625,NDNI,RTM,8,N3,-0.4536372144910298
0625,NDNI,RTM,9,N3,-0.4595853848665943
0625,NDNI,RTM,10,N3,-0.37973379362265797
0625,NDNI,RTM,11,N3,-0.4072488877964739
0625,NDNI,RTM,12,N3,-0.4365354982723465
0625,NDNI,ELC,1,N1,-0.08705548976416885
0625,NDNI,ELC,2,N1,-0.08570740396020067
0625,NDNI,ELC,3,N1,-0.11493809817182513
0625,NDNI,ELC,4,N1,-0.07379716674286688
0625,NDNI,ELC,5,N1,-0.09449294707139484
0625,NDNI,ELC,6,N1,-0.11590955493421047
0625,NDNI,ELC,7,N3,-0.42073983343579197
0625,NDNI,ELC,8,N3,-0.4418675892530659
0625,NDNI,ELC,9,N3,-0.44668696737412567
0625,NDNI,ELC,10,N3,-0.3711921432866259
0625,NDNI,ELC,11,N3,-0.3915794382852317
0625,NDNI,ELC,12,N3,-0.42647496890941927
0625,NDNI,ELC3,1,N1,-0.05311329934410775
0625,NDNI,ELC3,2,N1,-0.05062301799688174
0625,NDNI,ELC3,3,N1,-0.08162791960439056
0625,NDNI,ELC3,4,N1,-0.04079644826091431
0625,NDNI,ELC3,5,N1,-0.0618078307152023
0625,NDNI,ELC3,6,N1,-0.08400250527141173
0625,NDNI,ELC3,7,N3,-0.3874355794448053
0625,NDNI,ELC3,8,N3,-0.40967444093249417
0625,NDNI,ELC3,9,N3,-0.4156897070509958
0625,NDNI,ELC3,10,N3,-0.3366525712515001
0625,NDNI,ELC3,11,N3,-0.357111602524802
0625,NDNI,ELC3,12,N3,-0.3941083344276744
