Date,Trait,Method,Band_or_Wavelength,Feature_Importance
20250531,LMA,RTM,1,0.03316388953540304
20250531,LMA,RTM,2,0.02011015932934384
20250531,LMA,RTM,3,0.02175295821179612
20250531,LMA,RTM,4,0.022945761213187876
20250531,LMA,RTM,5,0.03106172071926492
20250531,LMA,RTM,6,0.03555323505751471
20250531,LMA,RTM,7,0.034236136709159634
20250531,LMA,RTM,8,0.03410939660453013
20250531,LMA,RTM,9,0.021012713705594523
20250531,LMA,RTM,10,0.021536681064258028
20250531,LMA,RTM,11,0.051896435719424136
20250531,LMA,RTM,12,0.024876599638392997
20250531,LMA,RTM,13,0.02508812797514227
20250531,LMA,RTM,14,0.013939615746541682
20250531,LMA,RTM,15,0.016181607363636077
20250531,LMA,RTM,16,0.009939113732428725
20250531,LMA,RTM,17,0.015767963243230047
20250531,LMA,RTM,18,0.012412592347187926
20250531,LMA,RTM,19,0.013902174910026249
20250531,LMA,RTM,20,0.015027713918348473
20250531,LMA,RTM,21,0.011098542719503406
20250531,LMA,RTM,22,0.014583187294908678
20250531,LMA,RTM,23,0.017043932266168155
20250531,LMA,RTM,24,0.025180343403147
20250531,LMA,RTM,25,0.019607987098544655
20250531,LMA,RTM,26,0.0257556366692158
20250531,LMA,RTM,27,0.026839239112536696
20250531,LMA,RTM,28,0.030953850259575443
20250531,LMA,RTM,29,0.025247487238730836
20250531,LMA,RTM,30,0.02814864290246389
20250531,LMA,RTM,31,0.018341926284480333
20250531,LMA,RTM,32,0.024875471463407673
20250531,LMA,RTM,33,0.018789229434271505
20250531,LMA,RTM,34,0.01996902650699061
20250531,LMA,RTM,35,0.032756213648058786
20250531,LMA,RTM,36,0.017904698664088323
20250531,LMA,RTM,37,0.021622893826385103
20250531,LMA,RTM,38,0.013637874661211618
20250531,LMA,RTM,39,0.02089286116607191
20250531,LMA,RTM,40,0.01587558694145314
20250531,LMA,RTM,41,0.01672691543198196
20250531,LMA,RTM,42,0.008820630728989068
20250531,LMA,RTM,43,0.019126602915520742
20250531,LMA,RTM,44,0.023468606901929544
20250531,LMA,RTM,45,0.02821801571595367
20250531,LMA,ELC,1,0.05267129922839704
20250531,LMA,ELC,2,0.04226673594314839
20250531,LMA,ELC,3,0.03411250359170187
20250531,LMA,ELC,4,0.03937195086839369
20250531,LMA,ELC,5,0.027526321284772483
20250531,LMA,ELC,6,0.04896678906933577
20250531,LMA,ELC,7,0.03972516800568442
20250531,LMA,ELC,8,0.029431762162575276
20250531,LMA,ELC,9,0.04410492806493834
20250531,LMA,ELC,10,0.07701148191154009
20250531,LMA,ELC,11,0.05393543696076515
20250531,LMA,ELC,12,0.024474243811193265
20250531,LMA,ELC,13,0.009860067282496474
20250531,LMA,ELC,14,0.009997478129274647
20250531,LMA,ELC,15,0.010037622207714416
20250531,LMA,ELC,16,0.009180984839217957
20250531,LMA,ELC,17,0.008231889228484179
20250531,LMA,ELC,18,0.007687006481581123
20250531,LMA,ELC,19,0.006704783514626371
20250531,LMA,ELC,20,0.006214935837827351
20250531,LMA,ELC,21,0.0065728990737025875
20250531,LMA,ELC,22,0.008389506416366713
20250531,LMA,ELC,23,0.007763322567411535
20250531,LMA,ELC,24,0.013481454952444844
20250531,LMA,ELC,25,0.008648970492386592
20250531,LMA,ELC,26,0.016276930926397464
20250531,LMA,ELC,27,0.02145036965112824
20250531,LMA,ELC,28,0.020255080133621244
20250531,LMA,ELC,29,0.016144808973860482
20250531,LMA,ELC,30,0.02047865691738114
20250531,LMA,ELC,31,0.019853904901496622
20250531,LMA,ELC,32,0.017410487483368344
20250531,LMA,ELC,33,0.013418074036144905
20250531,LMA,ELC,34,0.01676837446683295
20250531,LMA,ELC,35,0.021027454602383387
20250531,LMA,ELC,36,0.014081624856605348
20250531,LMA,ELC,37,0.014028801475645461
20250531,LMA,ELC,38,0.01251855479922106
20250531,LMA,ELC,39,0.016064716678334187
20250531,LMA,ELC,40,0.011250279416652633
20250531,LMA,ELC,41,0.010817672469654423
20250531,LMA,ELC,42,0.007013611166828288
20250531,LMA,ELC,43,0.016190079771403472
20250531,LMA,ELC,44,0.034430478363102306
20250531,LMA,ELC,45,0.05415049698395745
20250531,LMA,ELC3,1,0.05267129922839704
20250531,LMA,ELC3,2,0.04226673594314839
20250531,LMA,ELC3,3,0.03411250359170187
20250531,LMA,ELC3,4,0.03937195086839369
20250531,LMA,ELC3,5,0.027526321284772483
20250531,LMA,ELC3,6,0.04896678906933577
20250531,LMA,ELC3,7,0.03972516800568442
20250531,LMA,ELC3,8,0.029431762162575276
20250531,LMA,ELC3,9,0.04410492806493834
20250531,LMA,ELC3,10,0.07701148191154009
20250531,LMA,ELC3,11,0.05393543696076515
20250531,LMA,ELC3,12,0.024474243811193265
20250531,LMA,ELC3,13,0.009860067282496474
20250531,LMA,ELC3,14,0.009997478129274647
20250531,LMA,ELC3,15,0.010037622207714416
20250531,LMA,ELC3,16,0.009180984839217957
20250531,LMA,ELC3,17,0.008231889228484179
20250531,LMA,ELC3,18,0.007687006481581123
20250531,LMA,ELC3,19,0.006704783514626371
20250531,LMA,ELC3,20,0.006214935837827351
20250531,LMA,ELC3,21,0.0065728990737025875
20250531,LMA,ELC3,22,0.008389506416366713
20250531,LMA,ELC3,23,0.007763322567411535
20250531,LMA,ELC3,24,0.013481454952444844
20250531,LMA,ELC3,25,0.008648970492386592
20250531,LMA,ELC3,26,0.016276930926397464
20250531,LMA,ELC3,27,0.02145036965112824
20250531,LMA,ELC3,28,0.020255080133621244
20250531,LMA,ELC3,29,0.016144808973860482
20250531,LMA,ELC3,30,0.02047865691738114
20250531,LMA,ELC3,31,0.019853904901496622
20250531,LMA,ELC3,32,0.017410487483368344
20250531,LMA,ELC3,33,0.013418074036144905
20250531,LMA,ELC3,34,0.01676837446683295
20250531,LMA,ELC3,35,0.021027454602383387
20250531,LMA,ELC3,36,0.014081624856605348
20250531,LMA,ELC3,37,0.014028801475645461
20250531,LMA,ELC3,38,0.01251855479922106
20250531,LMA,ELC3,39,0.016064716678334187
20250531,LMA,ELC3,40,0.011250279416652633
20250531,LMA,ELC3,41,0.010817672469654423
20250531,LMA,ELC3,42,0.007013611166828288
20250531,LMA,ELC3,43,0.016190079771403472
20250531,LMA,ELC3,44,0.034430478363102306
20250531,LMA,ELC3,45,0.05415049698395745
20250531,LAI,RTM,1,0.007162342832954078
20250531,LAI,RTM,2,0.00516947617058797
20250531,LAI,RTM,3,0.003782206934498528
20250531,LAI,RTM,4,0.0038624466230774
20250531,LAI,RTM,5,0.006952070632520591
20250531,LAI,RTM,6,0.006593825675385713
20250531,LAI,RTM,7,0.0066729554273970895
20250531,LAI,RTM,8,0.006691774321039677
20250531,LAI,RTM,9,0.00424879137782223
20250531,LAI,RTM,10,0.006048720964934444
20250531,LAI,RTM,11,0.005959890399028332
20250531,LAI,RTM,12,0.010953240559901805
20250531,LAI,RTM,13,0.006669166177124368
20250531,LAI,RTM,14,0.004519450716747502
20250531,LAI,RTM,15,0.00860233335364134
20250531,LAI,RTM,16,0.008130987836283955
20250531,LAI,RTM,17,0.006220262798364724
20250531,LAI,RTM,18,0.002045850918160762
20250531,LAI,RTM,19,0.0068717094880107145
20250531,LAI,RTM,20,0.007386058045403913
20250531,LAI,RTM,21,0.004054620081400058
20250531,LAI,RTM,22,0.008106005328333178
20250531,LAI,RTM,23,0.011532248319041065
20250531,LAI,RTM,24,0.02162213807784762
20250531,LAI,RTM,25,0.017947055443740593
20250531,LAI,RTM,26,0.02735831260024661
20250531,LAI,RTM,27,0.08124678994277777
20250531,LAI,RTM,28,0.0451055683732627
20250531,LAI,RTM,29,0.06660066535142843
20250531,LAI,RTM,30,0.05021576859927448
20250531,LAI,RTM,31,0.06397518159120116
20250531,LAI,RTM,32,0.0651489151650287
20250531,LAI,RTM,33,0.047961535181176865
20250531,LAI,RTM,34,0.0341466480537024
20250531,LAI,RTM,35,0.043653631949734116
20250531,LAI,RTM,36,0.012945304911851595
20250531,LAI,RTM,37,0.020723530697140138
20250531,LAI,RTM,38,0.017722751483504804
20250531,LAI,RTM,39,0.02591138184645652
20250531,LAI,RTM,40,0.023973191029973667
20250531,LAI,RTM,41,0.033387069356038704
20250531,LAI,RTM,42,0.019609434015522037
20250531,LAI,RTM,43,0.04009171972784735
20250531,LAI,RTM,44,0.05289461937988482
20250531,LAI,RTM,45,0.03952235224069952
20250531,LAI,ELC,1,0.002520623611487266
20250531,LAI,ELC,2,0.003198557626428763
20250531,LAI,ELC,3,0.0024893088155228536
20250531,LAI,ELC,4,0.0030632519840986193
20250531,LAI,ELC,5,0.004147177182876619
20250531,LAI,ELC,6,0.008132759159697649
20250531,LAI,ELC,7,0.005124176507798776
20250531,LAI,ELC,8,0.003878833964561361
20250531,LAI,ELC,9,0.002748369326523674
20250531,LAI,ELC,10,0.010770279397541774
20250531,LAI,ELC,11,0.0026595174965854647
20250531,LAI,ELC,12,0.0049662432465855345
20250531,LAI,ELC,13,0.013115286283553665
20250531,LAI,ELC,14,0.00871832152663602
20250531,LAI,ELC,15,0.009795172585646984
20250531,LAI,ELC,16,0.00987090665546971
20250531,LAI,ELC,17,0.013965220523125604
20250531,LAI,ELC,18,0.005932838561523946
20250531,LAI,ELC,19,0.007611935463544503
20250531,LAI,ELC,20,0.00759730971136679
20250531,LAI,ELC,21,0.009073818626732098
20250531,LAI,ELC,22,0.007433045134770973
20250531,LAI,ELC,23,0.016470542896689255
20250531,LAI,ELC,24,0.03656768914678801
20250531,LAI,ELC,25,0.0345365832099135
20250531,LAI,ELC,26,0.023438193974693284
20250531,LAI,ELC,27,0.051434269233366456
20250531,LAI,ELC,28,0.05151626896304327
20250531,LAI,ELC,29,0.037437101331756505
20250531,LAI,ELC,30,0.05084073743450888
20250531,LAI,ELC,31,0.05741840745571828
20250531,LAI,ELC,32,0.02913617126276958
20250531,LAI,ELC,33,0.022866535631544224
20250531,LAI,ELC,34,0.04145310140352956
20250531,LAI,ELC,35,0.05632359082454845
20250531,LAI,ELC,36,0.012796649524997256
20250531,LAI,ELC,37,0.03199548546617507
20250531,LAI,ELC,38,0.025165021320514874
20250531,LAI,ELC,39,0.034449870145103076
20250531,LAI,ELC,40,0.037444734932354215
20250531,LAI,ELC,41,0.028552052589930637
20250531,LAI,ELC,42,0.01777959667695766
20250531,LAI,ELC,43,0.04613578368386219
20250531,LAI,ELC,44,0.05871111331378759
20250531,LAI,ELC,45,0.0507175461853695
20250531,LAI,ELC3,1,0.002520623611487266
20250531,LAI,ELC3,2,0.003198557626428763
20250531,LAI,ELC3,3,0.0024893088155228536
20250531,LAI,ELC3,4,0.0030632519840986193
20250531,LAI,ELC3,5,0.004147177182876619
20250531,LAI,ELC3,6,0.008132759159697649
20250531,LAI,ELC3,7,0.005124176507798776
20250531,LAI,ELC3,8,0.003878833964561361
20250531,LAI,ELC3,9,0.002748369326523674
20250531,LAI,ELC3,10,0.010770279397541774
20250531,LAI,ELC3,11,0.0026595174965854647
20250531,LAI,ELC3,12,0.0049662432465855345
20250531,LAI,ELC3,13,0.013115286283553665
20250531,LAI,ELC3,14,0.00871832152663602
20250531,LAI,ELC3,15,0.009795172585646984
20250531,LAI,ELC3,16,0.00987090665546971
20250531,LAI,ELC3,17,0.013965220523125604
20250531,LAI,ELC3,18,0.005932838561523946
20250531,LAI,ELC3,19,0.007611935463544503
20250531,LAI,ELC3,20,0.00759730971136679
20250531,LAI,ELC3,21,0.009073818626732098
20250531,LAI,ELC3,22,0.007433045134770973
20250531,LAI,ELC3,23,0.016470542896689255
20250531,LAI,ELC3,24,0.03656768914678801
20250531,LAI,ELC3,25,0.0345365832099135
20250531,LAI,ELC3,26,0.023438193974693284
20250531,LAI,ELC3,27,0.051434269233366456
20250531,LAI,ELC3,28,0.05151626896304327
20250531,LAI,ELC3,29,0.037437101331756505
20250531,LAI,ELC3,30,0.05084073743450888
20250531,LAI,ELC3,31,0.05741840745571828
20250531,LAI,ELC3,32,0.02913617126276958
20250531,LAI,ELC3,33,0.022866535631544224
20250531,LAI,ELC3,34,0.04145310140352956
20250531,LAI,ELC3,35,0.05632359082454845
20250531,LAI,ELC3,36,0.012796649524997256
20250531,LAI,ELC3,37,0.03199548546617507
20250531,LAI,ELC3,38,0.025165021320514874
20250531,LAI,ELC3,39,0.034449870145103076
20250531,LAI,ELC3,40,0.037444734932354215
20250531,LAI,ELC3,41,0.028552052589930637
20250531,LAI,ELC3,42,0.01777959667695766
20250531,LAI,ELC3,43,0.04613578368386219
20250531,LAI,ELC3,44,0.05871111331378759
20250531,LAI,ELC3,45,0.0507175461853695
20250531,LNC,RTM,1,0.012821743533569602
20250531,LNC,RTM,2,0.011193422974749446
20250531,LNC,RTM,3,0.009275357834894478
20250531,LNC,RTM,4,0.012703333481321837
20250531,LNC,RTM,5,0.012602102423897355
20250531,LNC,RTM,6,0.01282996740799892
20250531,LNC,RTM,7,0.015260209589611773
20250531,LNC,RTM,8,0.011159080663675365
20250531,LNC,RTM,9,0.008590434239256674
20250531,LNC,RTM,10,0.007135867991051439
20250531,LNC,RTM,11,0.010114738921144464
20250531,LNC,RTM,12,0.016792002797581786
20250531,LNC,RTM,13,0.0194629402337723
20250531,LNC,RTM,14,0.017905750785184037
20250531,LNC,RTM,15,0.01758700845606915
20250531,LNC,RTM,16,0.018083606876998122
20250531,LNC,RTM,17,0.018218055569434736
20250531,LNC,RTM,18,0.010975169262692408
20250531,LNC,RTM,19,0.00485510407420651
20250531,LNC,RTM,20,0.01383647232882539
20250531,LNC,RTM,21,0.011995662381274516
20250531,LNC,RTM,22,0.009750262807346212
20250531,LNC,RTM,23,0.020221499351819543
20250531,LNC,RTM,24,0.055682328185374684
20250531,LNC,RTM,25,0.0388395308190539
20250531,LNC,RTM,26,0.020581087039704654
20250531,LNC,RTM,27,0.02449621120882067
20250531,LNC,RTM,28,0.026900239281067405
20250531,LNC,RTM,29,0.026237580760654345
20250531,LNC,RTM,30,0.029863687556704648
20250531,LNC,RTM,31,0.03824106147654869
20250531,LNC,RTM,32,0.03668413760788581
20250531,LNC,RTM,33,0.023366331150759964
20250531,LNC,RTM,34,0.029865300240794628
20250531,LNC,RTM,35,0.05874691975819187
20250531,LNC,RTM,36,0.013940068290246873
20250531,LNC,RTM,37,0.030292142559684116
20250531,LNC,RTM,38,0.022813953980534506
20250531,LNC,RTM,39,0.030254736982025642
20250531,LNC,RTM,40,0.023040223957017873
20250531,LNC,RTM,41,0.03310030281817342
20250531,LNC,RTM,42,0.012331971450662036
20250531,LNC,RTM,43,0.03592130646917597
20250531,LNC,RTM,44,0.05030842894550767
20250531,LNC,RTM,45,0.035122655475034584
20250531,LNC,ELC,1,0.005411521901060603
20250531,LNC,ELC,2,0.005064215066391411
20250531,LNC,ELC,3,0.005632732256841551
20250531,LNC,ELC,4,0.00829787076990814
20250531,LNC,ELC,5,0.016161562490400124
20250531,LNC,ELC,6,0.015954114615695257
20250531,LNC,ELC,7,0.012230587062552539
20250531,LNC,ELC,8,0.013822553784520788
20250531,LNC,ELC,9,0.0069765762321352676
20250531,LNC,ELC,10,0.018248841487514905
20250531,LNC,ELC,11,0.01111686703297412
20250531,LNC,ELC,12,0.009773869813058188
20250531,LNC,ELC,13,0.0038934154404804246
20250531,LNC,ELC,14,0.002409798034424159
20250531,LNC,ELC,15,0.008952528395255283
20250531,LNC,ELC,16,0.002956954893887005
20250531,LNC,ELC,17,0.005694307635830892
20250531,LNC,ELC,18,0.0031476082097147994
20250531,LNC,ELC,19,0.0015852195323061383
20250531,LNC,ELC,20,0.0030400714694088556
20250531,LNC,ELC,21,0.005103290608831022
20250531,LNC,ELC,22,0.006425805210727898
20250531,LNC,ELC,23,0.00341343442950868
20250531,LNC,ELC,24,0.020195761500200755
20250531,LNC,ELC,25,0.008120262603997789
20250531,LNC,ELC,26,0.01338127409596262
20250531,LNC,ELC,27,0.03308474420309263
20250531,LNC,ELC,28,0.03109316433734205
20250531,LNC,ELC,29,0.02309762811948292
20250531,LNC,ELC,30,0.05459239035255307
20250531,LNC,ELC,31,0.04826403130579353
20250531,LNC,ELC,32,0.027023493883206528
20250531,LNC,ELC,33,0.03093451560416558
20250531,LNC,ELC,34,0.043228995599791306
20250531,LNC,ELC,35,0.06827554512866335
20250531,LNC,ELC,36,0.0145951747667294
20250531,LNC,ELC,37,0.03107963633276828
20250531,LNC,ELC,38,0.01921513618974076
20250531,LNC,ELC,39,0.043484709940949454
20250531,LNC,ELC,40,0.03780115307012015
20250531,LNC,ELC,41,0.046396686571506765
20250531,LNC,ELC,42,0.015494348823427742
20250531,LNC,ELC,43,0.045519987366566594
20250531,LNC,ELC,44,0.11851324668798775
20250531,LNC,ELC,45,0.051294367142522945
20250531,LNC,ELC3,1,0.005411521901060603
20250531,LNC,ELC3,2,0.005064215066391411
20250531,LNC,ELC3,3,0.005632732256841551
20250531,LNC,ELC3,4,0.00829787076990814
20250531,LNC,ELC3,5,0.016161562490400124
20250531,LNC,ELC3,6,0.015954114615695257
20250531,LNC,ELC3,7,0.012230587062552539
20250531,LNC,ELC3,8,0.013822553784520788
20250531,LNC,ELC3,9,0.0069765762321352676
20250531,LNC,ELC3,10,0.018248841487514905
20250531,LNC,ELC3,11,0.01111686703297412
20250531,LNC,ELC3,12,0.009773869813058188
20250531,LNC,ELC3,13,0.0038934154404804246
20250531,LNC,ELC3,14,0.002409798034424159
20250531,LNC,ELC3,15,0.008952528395255283
20250531,LNC,ELC3,16,0.002956954893887005
20250531,LNC,ELC3,17,0.005694307635830892
20250531,LNC,ELC3,18,0.0031476082097147994
20250531,LNC,ELC3,19,0.0015852195323061383
20250531,LNC,ELC3,20,0.0030400714694088556
20250531,LNC,ELC3,21,0.005103290608831022
20250531,LNC,ELC3,22,0.006425805210727898
20250531,LNC,ELC3,23,0.00341343442950868
20250531,LNC,ELC3,24,0.020195761500200755
20250531,LNC,ELC3,25,0.008120262603997789
20250531,LNC,ELC3,26,0.01338127409596262
20250531,LNC,ELC3,27,0.03308474420309263
20250531,LNC,ELC3,28,0.03109316433734205
20250531,LNC,ELC3,29,0.02309762811948292
20250531,LNC,ELC3,30,0.05459239035255307
20250531,LNC,ELC3,31,0.04826403130579353
20250531,LNC,ELC3,32,0.027023493883206528
20250531,LNC,ELC3,33,0.03093451560416558
20250531,LNC,ELC3,34,0.043228995599791306
20250531,LNC,ELC3,35,0.06827554512866335
20250531,LNC,ELC3,36,0.0145951747667294
20250531,LNC,ELC3,37,0.03107963633276828
20250531,LNC,ELC3,38,0.01921513618974076
20250531,LNC,ELC3,39,0.043484709940949454
20250531,LNC,ELC3,40,0.03780115307012015
20250531,LNC,ELC3,41,0.046396686571506765
20250531,LNC,ELC3,42,0.015494348823427742
20250531,LNC,ELC3,43,0.045519987366566594
20250531,LNC,ELC3,44,0.11851324668798775
20250531,LNC,ELC3,45,0.051294367142522945
20250531,CNC,RTM,1,0.015646290525182353
20250531,CNC,RTM,2,0.005013307621510514
20250531,CNC,RTM,3,0.004757911118617288
20250531,CNC,RTM,4,0.007265632357652577
20250531,CNC,RTM,5,0.01138362648357551
20250531,CNC,RTM,6,0.008277728254722585
20250531,CNC,RTM,7,0.014566448634075652
20250531,CNC,RTM,8,0.006724707639905686
20250531,CNC,RTM,9,0.003926478519176371
20250531,CNC,RTM,10,0.004389865355373077
20250531,CNC,RTM,11,0.00398941399140609
20250531,CNC,RTM,12,0.004568697592597501
20250531,CNC,RTM,13,0.02141660627922005
20250531,CNC,RTM,14,0.01025628687672238
20250531,CNC,RTM,15,0.011618646242548731
20250531,CNC,RTM,16,0.01146452810576028
20250531,CNC,RTM,17,0.019012958860305136
20250531,CNC,RTM,18,0.013050954372811271
20250531,CNC,RTM,19,0.007866784767812978
20250531,CNC,RTM,20,0.004743251856522071
20250531,CNC,RTM,21,0.01353385209076777
20250531,CNC,RTM,22,0.013458429250056473
20250531,CNC,RTM,23,0.024715872919345388
20250531,CNC,RTM,24,0.05589823251770827
20250531,CNC,RTM,25,0.04521676630942669
20250531,CNC,RTM,26,0.02673523743662192
20250531,CNC,RTM,27,0.03363440675077769
20250531,CNC,RTM,28,0.03769900468373173
20250531,CNC,RTM,29,0.04813111245271756
20250531,CNC,RTM,30,0.03921385721681696
20250531,CNC,RTM,31,0.03908312584150776
20250531,CNC,RTM,32,0.04382492725929073
20250531,CNC,RTM,33,0.026024717517810193
20250531,CNC,RTM,34,0.030953388625642824
20250531,CNC,RTM,35,0.05258105450475066
20250531,CNC,RTM,36,0.01892041096381657
20250531,CNC,RTM,37,0.01783050175820669
20250531,CNC,RTM,38,0.025585349566132932
20250531,CNC,RTM,39,0.031118597026832995
20250531,CNC,RTM,40,0.01668794623366194
20250531,CNC,RTM,41,0.032579622977602696
20250531,CNC,RTM,42,0.01088239435265014
20250531,CNC,RTM,43,0.03371444364862673
20250531,CNC,RTM,44,0.05860224516705962
20250531,CNC,RTM,45,0.03343437747293905
20250531,CNC,ELC,1,0.0019893888897019227
20250531,CNC,ELC,2,0.0018714318455568114
20250531,CNC,ELC,3,0.002718276459751261
20250531,CNC,ELC,4,0.0036809021388781596
20250531,CNC,ELC,5,0.004039605840550101
20250531,CNC,ELC,6,0.006325504736007366
20250531,CNC,ELC,7,0.004631540832341003
20250531,CNC,ELC,8,0.004482399902941507
20250531,CNC,ELC,9,0.0020152041740571654
20250531,CNC,ELC,10,0.00860578062923471
20250531,CNC,ELC,11,0.0019438536435289334
20250531,CNC,ELC,12,0.0057829926614925645
20250531,CNC,ELC,13,0.0035579033690960487
20250531,CNC,ELC,14,0.0017641459508566184
20250531,CNC,ELC,15,0.006409368742983562
20250531,CNC,ELC,16,0.0047685985220539875
20250531,CNC,ELC,17,0.0016725997773930415
20250531,CNC,ELC,18,0.0015908962924537022
20250531,CNC,ELC,19,0.0014974881195522608
20250531,CNC,ELC,20,0.003172140561728004
20250531,CNC,ELC,21,0.003502175807261925
20250531,CNC,ELC,22,0.0016235724081496213
20250531,CNC,ELC,23,0.0011920057210113356
20250531,CNC,ELC,24,0.023100678763247298
20250531,CNC,ELC,25,0.0035952874765248595
20250531,CNC,ELC,26,0.020428921435194154
20250531,CNC,ELC,27,0.06124975854345922
20250531,CNC,ELC,28,0.050897683268036495
20250531,CNC,ELC,29,0.06787851223637463
20250531,CNC,ELC,30,0.07015418592789294
20250531,CNC,ELC,31,0.05167469309927608
20250531,CNC,ELC,32,0.04343513630224772
20250531,CNC,ELC,33,0.037772817138579697
20250531,CNC,ELC,34,0.04009396205608765
20250531,CNC,ELC,35,0.05580633933579787
20250531,CNC,ELC,36,0.01787976880667283
20250531,CNC,ELC,37,0.02343720975771789
20250531,CNC,ELC,38,0.02579194454445456
20250531,CNC,ELC,39,0.04350975688026537
20250531,CNC,ELC,40,0.030933917143240175
20250531,CNC,ELC,41,0.04224252502251115
20250531,CNC,ELC,42,0.015405464886861606
20250531,CNC,ELC,43,0.05763951917897246
20250531,CNC,ELC,44,0.09298072334685696
20250531,CNC,ELC,45,0.04525341782314677
20250531,CNC,ELC3,1,0.0019893888897019227
20250531,CNC,ELC3,2,0.0018714318455568114
20250531,CNC,ELC3,3,0.002718276459751261
20250531,CNC,ELC3,4,0.0036809021388781596
20250531,CNC,ELC3,5,0.004039605840550101
20250531,CNC,ELC3,6,0.006325504736007366
20250531,CNC,ELC3,7,0.004631540832341003
20250531,CNC,ELC3,8,0.004482399902941507
20250531,CNC,ELC3,9,0.0020152041740571654
20250531,CNC,ELC3,10,0.00860578062923471
20250531,CNC,ELC3,11,0.0019438536435289334
20250531,CNC,ELC3,12,0.0057829926614925645
20250531,CNC,ELC3,13,0.0035579033690960487
20250531,CNC,ELC3,14,0.0017641459508566184
20250531,CNC,ELC3,15,0.006409368742983562
20250531,CNC,ELC3,16,0.0047685985220539875
20250531,CNC,ELC3,17,0.0016725997773930415
20250531,CNC,ELC3,18,0.0015908962924537022
20250531,CNC,ELC3,19,0.0014974881195522608
20250531,CNC,ELC3,20,0.003172140561728004
20250531,CNC,ELC3,21,0.003502175807261925
20250531,CNC,ELC3,22,0.0016235724081496213
20250531,CNC,ELC3,23,0.0011920057210113356
20250531,CNC,ELC3,24,0.023100678763247298
20250531,CNC,ELC3,25,0.0035952874765248595
20250531,CNC,ELC3,26,0.020428921435194154
20250531,CNC,ELC3,27,0.06124975854345922
20250531,CNC,ELC3,28,0.050897683268036495
20250531,CNC,ELC3,29,0.06787851223637463
20250531,CNC,ELC3,30,0.07015418592789294
20250531,CNC,ELC3,31,0.05167469309927608
20250531,CNC,ELC3,32,0.04343513630224772
20250531,CNC,ELC3,33,0.037772817138579697
20250531,CNC,ELC3,34,0.04009396205608765
20250531,CNC,ELC3,35,0.05580633933579787
20250531,CNC,ELC3,36,0.01787976880667283
20250531,CNC,ELC3,37,0.02343720975771789
20250531,CNC,ELC3,38,0.02579194454445456
20250531,CNC,ELC3,39,0.04350975688026537
20250531,CNC,ELC3,40,0.030933917143240175
20250531,CNC,ELC3,41,0.04224252502251115
20250531,CNC,ELC3,42,0.015405464886861606
20250531,CNC,ELC3,43,0.05763951917897246
20250531,CNC,ELC3,44,0.09298072334685696
20250531,CNC,ELC3,45,0.04525341782314677
20250612,LMA,RTM,1,0.03323155324948464
20250612,LMA,RTM,2,0.020091359320434415
20250612,LMA,RTM,3,0.019571009684407843
20250612,LMA,RTM,4,0.02369167749937714
20250612,LMA,RTM,5,0.015875252445267104
20250612,LMA,RTM,6,0.024629918189253794
20250612,LMA,RTM,7,0.020865468850331238
20250612,LMA,RTM,8,0.02522488528670171
20250612,LMA,RTM,9,0.03694397394444433
20250612,LMA,RTM,10,0.025320690100296854
20250612,LMA,RTM,11,0.060258586192078745
20250612,LMA,RTM,12,0.04268160389957125
20250612,LMA,RTM,13,0.13308079435228126
20250612,LMA,RTM,14,0.024797314297958818
20250612,LMA,RTM,15,0.029277865312100405
20250612,LMA,RTM,16,0.017945101370078036
20250612,LMA,RTM,17,0.029347429934913516
20250612,LMA,RTM,18,0.013787217756292542
20250612,LMA,RTM,19,0.019347720527173776
20250612,LMA,RTM,20,0.028517525386929688
20250612,LMA,RTM,21,0.018680243819449258
20250612,LMA,RTM,22,0.015226894976888053
20250612,LMA,RTM,23,0.014890381551484057
20250612,LMA,RTM,24,0.03649982195410717
20250612,LMA,RTM,25,0.025038703823842122
20250612,LMA,RTM,26,0.025084948310856815
20250612,LMA,RTM,27,0.021430627194619384
20250612,LMA,RTM,28,0.013379449963972861
20250612,LMA,RTM,29,0.013865084633750958
20250612,LMA,RTM,30,0.008578162465753724
20250612,LMA,RTM,31,0.008719330256846167
20250612,LMA,RTM,32,0.008730706490859708
20250612,LMA,RTM,33,0.009064640719477548
20250612,LMA,RTM,34,0.010568246539798903
20250612,LMA,RTM,35,0.01378805355373669
20250612,LMA,RTM,36,0.006101327686388556
20250612,LMA,RTM,37,0.009502593043659491
20250612,LMA,RTM,38,0.010687488969850487
20250612,LMA,RTM,39,0.009646830789225019
20250612,LMA,RTM,40,0.011554891984259234
20250612,LMA,RTM,41,0.01728702460051034
20250612,LMA,RTM,42,0.0072583163198696775
20250612,LMA,RTM,43,0.00959952976954612
20250612,LMA,RTM,44,0.013672951316629564
20250612,LMA,RTM,45,0.016656801665240993
20250612,LMA,ELC,1,0.01611550742777323
20250612,LMA,ELC,2,0.016729930144890916
20250612,LMA,ELC,3,0.016920288381722784
20250612,LMA,ELC,4,0.015482441189233503
20250612,LMA,ELC,5,0.016874193590254515
20250612,LMA,ELC,6,0.017184460752860082
20250612,LMA,ELC,7,0.013462405842102145
20250612,LMA,ELC,8,0.01832175110158789
20250612,LMA,ELC,9,0.02199846609853872
20250612,LMA,ELC,10,0.025119464760231525
20250612,LMA,ELC,11,0.042598191627503446
20250612,LMA,ELC,12,0.04208819218982539
20250612,LMA,ELC,13,0.03787540861555112
20250612,LMA,ELC,14,0.025307365573919806
20250612,LMA,ELC,15,0.019346486903739343
20250612,LMA,ELC,16,0.012427620375355492
20250612,LMA,ELC,17,0.021611992515718645
20250612,LMA,ELC,18,0.020221620920333715
20250612,LMA,ELC,19,0.01764428899102893
20250612,LMA,ELC,20,0.02645913118548825
20250612,LMA,ELC,21,0.021291146649248603
20250612,LMA,ELC,22,0.01178866862939587
20250612,LMA,ELC,23,0.012954219265321509
20250612,LMA,ELC,24,0.03933841214297897
20250612,LMA,ELC,25,0.01833316558794405
20250612,LMA,ELC,26,0.021778405896039278
20250612,LMA,ELC,27,0.019838120632947858
20250612,LMA,ELC,28,0.01352654492671953
20250612,LMA,ELC,29,0.018127234353209225
20250612,LMA,ELC,30,0.03280064012418594
20250612,LMA,ELC,31,0.01646338059077635
20250612,LMA,ELC,32,0.012549588087080973
20250612,LMA,ELC,33,0.012681511895938307
20250612,LMA,ELC,34,0.019185697506960378
20250612,LMA,ELC,35,0.031129571576097154
20250612,LMA,ELC,36,0.009843841900015828
20250612,LMA,ELC,37,0.01756835225497251
20250612,LMA,ELC,38,0.013669203729125223
20250612,LMA,ELC,39,0.018170092331986805
20250612,LMA,ELC,40,0.01948267457132507
20250612,LMA,ELC,41,0.023865283748156337
20250612,LMA,ELC,42,0.008233171770879889
20250612,LMA,ELC,43,0.02587362708332695
20250612,LMA,ELC,44,0.04302350597173119
20250612,LMA,ELC,45,0.07469473058597682
20250612,LMA,ELC3,1,0.01611550742777323
20250612,LMA,ELC3,2,0.016729930144890916
20250612,LMA,ELC3,3,0.016920288381722784
20250612,LMA,ELC3,4,0.015482441189233503
20250612,LMA,ELC3,5,0.016874193590254515
20250612,LMA,ELC3,6,0.017184460752860082
20250612,LMA,ELC3,7,0.013462405842102145
20250612,LMA,ELC3,8,0.01832175110158789
20250612,LMA,ELC3,9,0.02199846609853872
20250612,LMA,ELC3,10,0.025119464760231525
20250612,LMA,ELC3,11,0.042598191627503446
20250612,LMA,ELC3,12,0.04208819218982539
20250612,LMA,ELC3,13,0.03787540861555112
20250612,LMA,ELC3,14,0.025307365573919806
20250612,LMA,ELC3,15,0.019346486903739343
20250612,LMA,ELC3,16,0.012427620375355492
20250612,LMA,ELC3,17,0.021611992515718645
20250612,LMA,ELC3,18,0.020221620920333715
20250612,LMA,ELC3,19,0.01764428899102893
20250612,LMA,ELC3,20,0.02645913118548825
20250612,LMA,ELC3,21,0.021291146649248603
20250612,LMA,ELC3,22,0.01178866862939587
20250612,LMA,ELC3,23,0.012954219265321509
20250612,LMA,ELC3,24,0.03933841214297897
20250612,LMA,ELC3,25,0.01833316558794405
20250612,LMA,ELC3,26,0.021778405896039278
20250612,LMA,ELC3,27,0.019838120632947858
20250612,LMA,ELC3,28,0.01352654492671953
20250612,LMA,ELC3,29,0.018127234353209225
20250612,LMA,ELC3,30,0.03280064012418594
20250612,LMA,ELC3,31,0.01646338059077635
20250612,LMA,ELC3,32,0.012549588087080973
20250612,LMA,ELC3,33,0.012681511895938307
20250612,LMA,ELC3,34,0.019185697506960378
20250612,LMA,ELC3,35,0.031129571576097154
20250612,LMA,ELC3,36,0.009843841900015828
20250612,LMA,ELC3,37,0.01756835225497251
20250612,LMA,ELC3,38,0.013669203729125223
20250612,LMA,ELC3,39,0.018170092331986805
20250612,LMA,ELC3,40,0.01948267457132507
20250612,LMA,ELC3,41,0.023865283748156337
20250612,LMA,ELC3,42,0.008233171770879889
20250612,LMA,ELC3,43,0.02587362708332695
20250612,LMA,ELC3,44,0.04302350597173119
20250612,LMA,ELC3,45,0.07469473058597682
20250612,LAI,RTM,1,0.016094559474441984
20250612,LAI,RTM,2,0.012333702549224617
20250612,LAI,RTM,3,0.0074605886830851915
20250612,LAI,RTM,4,0.012569297856288214
20250612,LAI,RTM,5,0.007460617354925733
20250612,LAI,RTM,6,0.0069114242103396365
20250612,LAI,RTM,7,0.008221833709569363
20250612,LAI,RTM,8,0.01064609040560784
20250612,LAI,RTM,9,0.009765092741726449
20250612,LAI,RTM,10,0.015925598423212475
20250612,LAI,RTM,11,0.0393923041125174
20250612,LAI,RTM,12,0.036305161855097065
20250612,LAI,RTM,13,0.026610047838056112
20250612,LAI,RTM,14,0.015590281698736072
20250612,LAI,RTM,15,0.02100334835550016
20250612,LAI,RTM,16,0.00952248559242383
20250612,LAI,RTM,17,0.02089679869624957
20250612,LAI,RTM,18,0.01436491001009059
20250612,LAI,RTM,19,0.010114762433460326
20250612,LAI,RTM,20,0.02168609333158604
20250612,LAI,RTM,21,0.018915541061121664
20250612,LAI,RTM,22,0.008994413845231811
20250612,LAI,RTM,23,0.015775645939667716
20250612,LAI,RTM,24,0.08444212506148059
20250612,LAI,RTM,25,0.08992697504977155
20250612,LAI,RTM,26,0.058695454132029555
20250612,LAI,RTM,27,0.015131898160573152
20250612,LAI,RTM,28,0.016645676855788688
20250612,LAI,RTM,29,0.014949293391257135
20250612,LAI,RTM,30,0.015454825285300308
20250612,LAI,RTM,31,0.012677955010973102
20250612,LAI,RTM,32,0.020708754189571205
20250612,LAI,RTM,33,0.009692273462957075
20250612,LAI,RTM,34,0.017205439545947946
20250612,LAI,RTM,35,0.022913832068150144
20250612,LAI,RTM,36,0.015206419049997153
20250612,LAI,RTM,37,0.020586671159103724
20250612,LAI,RTM,38,0.011562471363475971
20250612,LAI,RTM,39,0.028608786594031193
20250612,LAI,RTM,40,0.03267502776384899
20250612,LAI,RTM,41,0.031243453079713813
20250612,LAI,RTM,42,0.01335902974130041
20250612,LAI,RTM,43,0.034316605948339254
20250612,LAI,RTM,44,0.038016738136851844
20250612,LAI,RTM,45,0.029419694771377385
20250612,LAI,ELC,1,0.016304673304494373
20250612,LAI,ELC,2,0.012551121687620242
20250612,LAI,ELC,3,0.011660674780767877
20250612,LAI,ELC,4,0.01098724159342109
20250612,LAI,ELC,5,0.015717269435609978
20250612,LAI,ELC,6,0.01325523887141064
20250612,LAI,ELC,7,0.01240536109888079
20250612,LAI,ELC,8,0.017206640386407145
20250612,LAI,ELC,9,0.010562246428506079
20250612,LAI,ELC,10,0.033066648136409194
20250612,LAI,ELC,11,0.04659443410771957
20250612,LAI,ELC,12,0.0309957639356346
20250612,LAI,ELC,13,0.032406804516862744
20250612,LAI,ELC,14,0.0182198005567429
20250612,LAI,ELC,15,0.023232788975463853
20250612,LAI,ELC,16,0.01840243652285708
20250612,LAI,ELC,17,0.02673396930994078
20250612,LAI,ELC,18,0.015079959885706864
20250612,LAI,ELC,19,0.01289421983176712
20250612,LAI,ELC,20,0.01974307032422381
20250612,LAI,ELC,21,0.014314870578181352
20250612,LAI,ELC,22,0.012272943410199213
20250612,LAI,ELC,23,0.023479472885082602
20250612,LAI,ELC,24,0.04536742677118353
20250612,LAI,ELC,25,0.03538945189245023
20250612,LAI,ELC,26,0.07508883723730299
20250612,LAI,ELC,27,0.08085857788724589
20250612,LAI,ELC,28,0.02572305476925988
20250612,LAI,ELC,29,0.015979484363871616
20250612,LAI,ELC,30,0.01480748312659766
20250612,LAI,ELC,31,0.014401640065117053
20250612,LAI,ELC,32,0.013821129785368513
20250612,LAI,ELC,33,0.011814363301908456
20250612,LAI,ELC,34,0.010243054544117147
20250612,LAI,ELC,35,0.018323939545281484
20250612,LAI,ELC,36,0.013283630317489931
20250612,LAI,ELC,37,0.01366206990153391
20250612,LAI,ELC,38,0.012269225366908642
20250612,LAI,ELC,39,0.014718651626773493
20250612,LAI,ELC,40,0.007365479709305245
20250612,LAI,ELC,41,0.012234759295345999
20250612,LAI,ELC,42,0.02415361412003194
20250612,LAI,ELC,43,0.017564723969381153
20250612,LAI,ELC,44,0.012265495072000327
20250612,LAI,ELC,45,0.06257625676761511
20250612,LAI,ELC3,1,0.016304673304494373
20250612,LAI,ELC3,2,0.012551121687620242
20250612,LAI,ELC3,3,0.011660674780767877
20250612,LAI,ELC3,4,0.01098724159342109
20250612,LAI,ELC3,5,0.015717269435609978
20250612,LAI,ELC3,6,0.01325523887141064
20250612,LAI,ELC3,7,0.01240536109888079
20250612,LAI,ELC3,8,0.017206640386407145
20250612,LAI,ELC3,9,0.010562246428506079
20250612,LAI,ELC3,10,0.033066648136409194
20250612,LAI,ELC3,11,0.04659443410771957
20250612,LAI,ELC3,12,0.0309957639356346
20250612,LAI,ELC3,13,0.032406804516862744
20250612,LAI,ELC3,14,0.0182198005567429
20250612,LAI,ELC3,15,0.023232788975463853
20250612,LAI,ELC3,16,0.01840243652285708
20250612,LAI,ELC3,17,0.02673396930994078
20250612,LAI,ELC3,18,0.015079959885706864
20250612,LAI,ELC3,19,0.01289421983176712
20250612,LAI,ELC3,20,0.01974307032422381
20250612,LAI,ELC3,21,0.014314870578181352
20250612,LAI,ELC3,22,0.012272943410199213
20250612,LAI,ELC3,23,0.023479472885082602
20250612,LAI,ELC3,24,0.04536742677118353
20250612,LAI,ELC3,25,0.03538945189245023
20250612,LAI,ELC3,26,0.07508883723730299
20250612,LAI,ELC3,27,0.08085857788724589
20250612,LAI,ELC3,28,0.02572305476925988
20250612,LAI,ELC3,29,0.015979484363871616
20250612,LAI,ELC3,30,0.01480748312659766
20250612,LAI,ELC3,31,0.014401640065117053
20250612,LAI,ELC3,32,0.013821129785368513
20250612,LAI,ELC3,33,0.011814363301908456
20250612,LAI,ELC3,34,0.010243054544117147
20250612,LAI,ELC3,35,0.018323939545281484
20250612,LAI,ELC3,36,0.013283630317489931
20250612,LAI,ELC3,37,0.01366206990153391
20250612,LAI,ELC3,38,0.012269225366908642
20250612,LAI,ELC3,39,0.014718651626773493
20250612,LAI,ELC3,40,0.007365479709305245
20250612,LAI,ELC3,41,0.012234759295345999
20250612,LAI,ELC3,42,0.02415361412003194
20250612,LAI,ELC3,43,0.017564723969381153
20250612,LAI,ELC3,44,0.012265495072000327
20250612,LAI,ELC3,45,0.06257625676761511
20250612,LNC,RTM,1,0.004755561620307665
20250612,LNC,RTM,2,0.0027318002484881428
20250612,LNC,RTM,3,0.002165344158117981
20250612,LNC,RTM,4,0.0026775554915723153
20250612,LNC,RTM,5,0.0045522626927246195
20250612,LNC,RTM,6,0.004510704927774013
20250612,LNC,RTM,7,0.004865299769296796
20250612,LNC,RTM,8,0.00507661622095845
20250612,LNC,RTM,9,0.0031660985942348063
20250612,LNC,RTM,10,0.007279722757668611
20250612,LNC,RTM,11,0.0045783175084942365
20250612,LNC,RTM,12,0.014658790015203404
20250612,LNC,RTM,13,0.03244612791171006
20250612,LNC,RTM,14,0.01770522665334192
20250612,LNC,RTM,15,0.021409811964840868
20250612,LNC,RTM,16,0.0030444229451347276
20250612,LNC,RTM,17,0.009022709621869397
20250612,LNC,RTM,18,0.017278427605185963
20250612,LNC,RTM,19,0.013182286782168665
20250612,LNC,RTM,20,0.017426698905045345
20250612,LNC,RTM,21,0.011714419603782838
20250612,LNC,RTM,22,0.010148364493981136
20250612,LNC,RTM,23,0.013958683220600579
20250612,LNC,RTM,24,0.05374684495062585
20250612,LNC,RTM,25,0.03898442175066306
20250612,LNC,RTM,26,0.03865029665376555
20250612,LNC,RTM,27,0.049633406160969354
20250612,LNC,RTM,28,0.02460123497998134
20250612,LNC,RTM,29,0.035162451098619894
20250612,LNC,RTM,30,0.04129070186923653
20250612,LNC,RTM,31,0.041868873493093234
20250612,LNC,RTM,32,0.02331452882293486
20250612,LNC,RTM,33,0.023318404277414197
20250612,LNC,RTM,34,0.03718713498543459
20250612,LNC,RTM,35,0.06521335910527118
20250612,LNC,RTM,36,0.015472185977974682
20250612,LNC,RTM,37,0.021291698157670076
20250612,LNC,RTM,38,0.02703472323358703
20250612,LNC,RTM,39,0.036686860633996315
20250612,LNC,RTM,40,0.02306169944629754
20250612,LNC,RTM,41,0.037733474584774246
20250612,LNC,RTM,42,0.01151589379554464
20250612,LNC,RTM,43,0.04633803922197387
20250612,LNC,RTM,44,0.04550151690782485
20250612,LNC,RTM,45,0.034036996179844646
20250612,LNC,ELC,1,0.0015454058523687924
20250612,LNC,ELC,2,0.0014522719767403637
20250612,LNC,ELC,3,0.0016422471271954262
20250612,LNC,ELC,4,0.0025767172134548502
20250612,LNC,ELC,5,0.002359053097884662
20250612,LNC,ELC,6,0.002135576338426759
20250612,LNC,ELC,7,0.00286582131508619
20250612,LNC,ELC,8,0.0032528523641681866
20250612,LNC,ELC,9,0.002146479393773471
20250612,LNC,ELC,10,0.0036737087280199346
20250612,LNC,ELC,11,0.002887893707387206
20250612,LNC,ELC,12,0.005561855041779987
20250612,LNC,ELC,13,0.02643408647292736
20250612,LNC,ELC,14,0.021093369702811355
20250612,LNC,ELC,15,0.007641268420044203
20250612,LNC,ELC,16,0.004086724738635647
20250612,LNC,ELC,17,0.007568552350051541
20250612,LNC,ELC,18,0.015340648654103206
20250612,LNC,ELC,19,0.008432020838444755
20250612,LNC,ELC,20,0.01851452203744173
20250612,LNC,ELC,21,0.011566128863837087
20250612,LNC,ELC,22,0.009977104257648665
20250612,LNC,ELC,23,0.01936942783228262
20250612,LNC,ELC,24,0.03805842695951498
20250612,LNC,ELC,25,0.03138706186544056
20250612,LNC,ELC,26,0.041040771342870014
20250612,LNC,ELC,27,0.042448790100905534
20250612,LNC,ELC,28,0.03335136575707736
20250612,LNC,ELC,29,0.037091968219882865
20250612,LNC,ELC,30,0.045855766393055934
20250612,LNC,ELC,31,0.057925286237972176
20250612,LNC,ELC,32,0.022272920218497798
20250612,LNC,ELC,33,0.027295684069683402
20250612,LNC,ELC,34,0.04258445290958508
20250612,LNC,ELC,35,0.05807536797453909
20250612,LNC,ELC,36,0.02526549558508716
20250612,LNC,ELC,37,0.028549372376517945
20250612,LNC,ELC,38,0.02120480923427063
20250612,LNC,ELC,39,0.02990621772293652
20250612,LNC,ELC,40,0.029778095458415744
20250612,LNC,ELC,41,0.02090348859693828
20250612,LNC,ELC,42,0.003064572282330727
20250612,LNC,ELC,43,0.04474227663054738
20250612,LNC,ELC,44,0.06428795977174043
20250612,LNC,ELC,45,0.07278611396767647
20250612,LNC,ELC3,1,0.0015454058523687924
20250612,LNC,ELC3,2,0.0014522719767403637
20250612,LNC,ELC3,3,0.0016422471271954262
20250612,LNC,ELC3,4,0.0025767172134548502
20250612,LNC,ELC3,5,0.002359053097884662
20250612,LNC,ELC3,6,0.002135576338426759
20250612,LNC,ELC3,7,0.00286582131508619
20250612,LNC,ELC3,8,0.0032528523641681866
20250612,LNC,ELC3,9,0.002146479393773471
20250612,LNC,ELC3,10,0.0036737087280199346
20250612,LNC,ELC3,11,0.002887893707387206
20250612,LNC,ELC3,12,0.005561855041779987
20250612,LNC,ELC3,13,0.02643408647292736
20250612,LNC,ELC3,14,0.021093369702811355
20250612,LNC,ELC3,15,0.007641268420044203
20250612,LNC,ELC3,16,0.004086724738635647
20250612,LNC,ELC3,17,0.007568552350051541
20250612,LNC,ELC3,18,0.015340648654103206
20250612,LNC,ELC3,19,0.008432020838444755
20250612,LNC,ELC3,20,0.01851452203744173
20250612,LNC,ELC3,21,0.011566128863837087
20250612,LNC,ELC3,22,0.009977104257648665
20250612,LNC,ELC3,23,0.01936942783228262
20250612,LNC,ELC3,24,0.03805842695951498
20250612,LNC,ELC3,25,0.03138706186544056
20250612,LNC,ELC3,26,0.041040771342870014
20250612,LNC,ELC3,27,0.042448790100905534
20250612,LNC,ELC3,28,0.03335136575707736
20250612,LNC,ELC3,29,0.037091968219882865
20250612,LNC,ELC3,30,0.045855766393055934
20250612,LNC,ELC3,31,0.057925286237972176
20250612,LNC,ELC3,32,0.022272920218497798
20250612,LNC,ELC3,33,0.027295684069683402
20250612,LNC,ELC3,34,0.04258445290958508
20250612,LNC,ELC3,35,0.05807536797453909
20250612,LNC,ELC3,36,0.02526549558508716
20250612,LNC,ELC3,37,0.028549372376517945
20250612,LNC,ELC3,38,0.02120480923427063
20250612,LNC,ELC3,39,0.02990621772293652
20250612,LNC,ELC3,40,0.029778095458415744
20250612,LNC,ELC3,41,0.02090348859693828
20250612,LNC,ELC3,42,0.003064572282330727
20250612,LNC,ELC3,43,0.04474227663054738
20250612,LNC,ELC3,44,0.06428795977174043
20250612,LNC,ELC3,45,0.07278611396767647
20250612,CNC,RTM,1,0.007272665953139863
20250612,CNC,RTM,2,0.0033908037207151616
20250612,CNC,RTM,3,0.003463475939648354
20250612,CNC,RTM,4,0.009322917939519306
20250612,CNC,RTM,5,0.005372561868296043
20250612,CNC,RTM,6,0.004428265586680644
20250612,CNC,RTM,7,0.004990057581564398
20250612,CNC,RTM,8,0.007285025902899624
20250612,CNC,RTM,9,0.0038545712163995565
20250612,CNC,RTM,10,0.005873942075898331
20250612,CNC,RTM,11,0.007853487745320306
20250612,CNC,RTM,12,0.010392153198729963
20250612,CNC,RTM,13,0.025389799409573765
20250612,CNC,RTM,14,0.018487493281410368
20250612,CNC,RTM,15,0.022119668151077753
20250612,CNC,RTM,16,0.006082045617666147
20250612,CNC,RTM,17,0.007475994615863554
20250612,CNC,RTM,18,0.016983043766139717
20250612,CNC,RTM,19,0.012971305171920688
20250612,CNC,RTM,20,0.022297483044588458
20250612,CNC,RTM,21,0.008409864997118963
20250612,CNC,RTM,22,0.01034958651174903
20250612,CNC,RTM,23,0.028934493785801468
20250612,CNC,RTM,24,0.11000046090751989
20250612,CNC,RTM,25,0.08154861121424506
20250612,CNC,RTM,26,0.040012214120859216
20250612,CNC,RTM,27,0.025350836557413724
20250612,CNC,RTM,28,0.023228907291369134
20250612,CNC,RTM,29,0.029066971663065523
20250612,CNC,RTM,30,0.028828013317997243
20250612,CNC,RTM,31,0.029783882580822773
20250612,CNC,RTM,32,0.022980466283625944
20250612,CNC,RTM,33,0.017590888801448618
20250612,CNC,RTM,34,0.032591390323628434
20250612,CNC,RTM,35,0.04158152805812832
20250612,CNC,RTM,36,0.015561958538760823
20250612,CNC,RTM,37,0.01888915264787992
20250612,CNC,RTM,38,0.02228016068917432
20250612,CNC,RTM,39,0.03507362830442394
20250612,CNC,RTM,40,0.02530089801939949
20250612,CNC,RTM,41,0.026834259342220647
20250612,CNC,RTM,42,0.0153113704405202
20250612,CNC,RTM,43,0.031260292824982674
20250612,CNC,RTM,44,0.04502884513373407
20250612,CNC,RTM,45,0.028894555857058562
20250612,CNC,ELC,1,0.009263503967833306
20250612,CNC,ELC,2,0.005159458895155683
20250612,CNC,ELC,3,0.008713700442792538
20250612,CNC,ELC,4,0.006181428235658951
20250612,CNC,ELC,5,0.007928888617311015
20250612,CNC,ELC,6,0.005658994709370271
20250612,CNC,ELC,7,0.006590097660589281
20250612,CNC,ELC,8,0.011223386865570374
20250612,CNC,ELC,9,0.004683058310875119
20250612,CNC,ELC,10,0.017950622862755068
20250612,CNC,ELC,11,0.008244496418530829
20250612,CNC,ELC,12,0.006832902729448076
20250612,CNC,ELC,13,0.012328485558053598
20250612,CNC,ELC,14,0.009256215216252755
20250612,CNC,ELC,15,0.006433462591192303
20250612,CNC,ELC,16,0.008014989791962053
20250612,CNC,ELC,17,0.011460748535677814
20250612,CNC,ELC,18,0.004019139886344392
20250612,CNC,ELC,19,0.005047595879645224
20250612,CNC,ELC,20,0.010814033683896784
20250612,CNC,ELC,21,0.00691402108811164
20250612,CNC,ELC,22,0.008677825138154875
20250612,CNC,ELC,23,0.029562364090136
20250612,CNC,ELC,24,0.05500114993566112
20250612,CNC,ELC,25,0.0463012493527302
20250612,CNC,ELC,26,0.05183861828027283
20250612,CNC,ELC,27,0.06384598103614458
20250612,CNC,ELC,28,0.046190005027063566
20250612,CNC,ELC,29,0.028478858635609207
20250612,CNC,ELC,30,0.036921471946758926
20250612,CNC,ELC,31,0.029160118483421
20250612,CNC,ELC,32,0.023596430520205942
20250612,CNC,ELC,33,0.02237134089565871
20250612,CNC,ELC,34,0.02719903047635982
20250612,CNC,ELC,35,0.04413442995615581
20250612,CNC,ELC,36,0.013789922932826115
20250612,CNC,ELC,37,0.02378348737310551
20250612,CNC,ELC,38,0.025372583136601828
20250612,CNC,ELC,39,0.021451278914442255
20250612,CNC,ELC,40,0.023315212556629966
20250612,CNC,ELC,41,0.03577936751202935
20250612,CNC,ELC,42,0.02389914033074725
20250612,CNC,ELC,43,0.0276847721249344
20250612,CNC,ELC,44,0.053818456014750125
20250612,CNC,ELC,45,0.06510767338257356
20250612,CNC,ELC3,1,0.009263503967833306
20250612,CNC,ELC3,2,0.005159458895155683
20250612,CNC,ELC3,3,0.008713700442792538
20250612,CNC,ELC3,4,0.006181428235658951
20250612,CNC,ELC3,5,0.007928888617311015
20250612,CNC,ELC3,6,0.005658994709370271
20250612,CNC,ELC3,7,0.006590097660589281
20250612,CNC,ELC3,8,0.011223386865570374
20250612,CNC,ELC3,9,0.004683058310875119
20250612,CNC,ELC3,10,0.017950622862755068
20250612,CNC,ELC3,11,0.008244496418530829
20250612,CNC,ELC3,12,0.006832902729448076
20250612,CNC,ELC3,13,0.012328485558053598
20250612,CNC,ELC3,14,0.009256215216252755
20250612,CNC,ELC3,15,0.006433462591192303
20250612,CNC,ELC3,16,0.008014989791962053
20250612,CNC,ELC3,17,0.011460748535677814
20250612,CNC,ELC3,18,0.004019139886344392
20250612,CNC,ELC3,19,0.005047595879645224
20250612,CNC,ELC3,20,0.010814033683896784
20250612,CNC,ELC3,21,0.00691402108811164
20250612,CNC,ELC3,22,0.008677825138154875
20250612,CNC,ELC3,23,0.029562364090136
20250612,CNC,ELC3,24,0.05500114993566112
20250612,CNC,ELC3,25,0.0463012493527302
20250612,CNC,ELC3,26,0.05183861828027283
20250612,CNC,ELC3,27,0.06384598103614458
20250612,CNC,ELC3,28,0.046190005027063566
20250612,CNC,ELC3,29,0.028478858635609207
20250612,CNC,ELC3,30,0.036921471946758926
20250612,CNC,ELC3,31,0.029160118483421
20250612,CNC,ELC3,32,0.023596430520205942
20250612,CNC,ELC3,33,0.02237134089565871
20250612,CNC,ELC3,34,0.02719903047635982
20250612,CNC,ELC3,35,0.04413442995615581
20250612,CNC,ELC3,36,0.013789922932826115
20250612,CNC,ELC3,37,0.02378348737310551
20250612,CNC,ELC3,38,0.025372583136601828
20250612,CNC,ELC3,39,0.021451278914442255
20250612,CNC,ELC3,40,0.023315212556629966
20250612,CNC,ELC3,41,0.03577936751202935
20250612,CNC,ELC3,42,0.02389914033074725
20250612,CNC,ELC3,43,0.0276847721249344
20250612,CNC,ELC3,44,0.053818456014750125
20250612,CNC,ELC3,45,0.06510767338257356
20250625,LMA,RTM,1,0.026750096698111514
20250625,LMA,RTM,2,0.02700397888708535
20250625,LMA,RTM,3,0.024255193487725972
20250625,LMA,RTM,4,0.03663699359060906
20250625,LMA,RTM,5,0.06583290961680639
20250625,LMA,RTM,6,0.0846138441171895
20250625,LMA,RTM,7,0.09204095598246856
20250625,LMA,RTM,8,0.032246122748296094
20250625,LMA,RTM,9,0.028673307428564006
20250625,LMA,RTM,10,0.029901030399080313
20250625,LMA,RTM,11,0.03177767822237818
20250625,LMA,RTM,12,0.025051508430146863
20250625,LMA,RTM,13,0.013994101167879594
20250625,LMA,RTM,14,0.01139795494892571
20250625,LMA,RTM,15,0.01299766223457699
20250625,LMA,RTM,16,0.012385624489151939
20250625,LMA,RTM,17,0.009844286607751709
20250625,LMA,RTM,18,0.012173408020646802
20250625,LMA,RTM,19,0.009282728677577798
20250625,LMA,RTM,20,0.010366552749234734
20250625,LMA,RTM,21,0.008305308997318628
20250625,LMA,RTM,22,0.011671738852459666
20250625,LMA,RTM,23,0.008264616181464512
20250625,LMA,RTM,24,0.01697560639516532
20250625,LMA,RTM,25,0.013295174614762156
20250625,LMA,RTM,26,0.01792486052905269
20250625,LMA,RTM,27,0.04004695463851478
20250625,LMA,RTM,28,0.019093200830892724
20250625,LMA,RTM,29,0.025233150408969916
20250625,LMA,RTM,30,0.02391488250650362
20250625,LMA,RTM,31,0.011862067578686674
20250625,LMA,RTM,32,0.014043387570620638
20250625,LMA,RTM,33,0.016191323657269392
20250625,LMA,RTM,34,0.014285841171563096
20250625,LMA,RTM,35,0.014520158360660987
20250625,LMA,RTM,36,0.013664644531467407
20250625,LMA,RTM,37,0.01453184606678819
20250625,LMA,RTM,38,0.0179418092891283
20250625,LMA,RTM,39,0.01374984628770835
20250625,LMA,RTM,40,0.012142116249274137
20250625,LMA,RTM,41,0.015011929398409863
20250625,LMA,RTM,42,0.010302367454646915
20250625,LMA,RTM,43,0.01509121159315339
20250625,LMA,RTM,44,0.017495885576336627
20250625,LMA,RTM,45,0.01721413275497497
20250625,LMA,ELC,1,0.01970696209490063
20250625,LMA,ELC,2,0.030148801244156753
20250625,LMA,ELC,3,0.029280095504356406
20250625,LMA,ELC,4,0.07133531552397701
20250625,LMA,ELC,5,0.057888060603859835
20250625,LMA,ELC,6,0.0714119669718378
20250625,LMA,ELC,7,0.0682626957323658
20250625,LMA,ELC,8,0.04904988568947801
20250625,LMA,ELC,9,0.034362912964825076
20250625,LMA,ELC,10,0.04485451500051005
20250625,LMA,ELC,11,0.03643556422094762
20250625,LMA,ELC,12,0.023309900298221276
20250625,LMA,ELC,13,0.014823395684812075
20250625,LMA,ELC,14,0.00895853614205919
20250625,LMA,ELC,15,0.005894503813698285
20250625,LMA,ELC,16,0.012598394097433019
20250625,LMA,ELC,17,0.008325475930725124
20250625,LMA,ELC,18,0.011059564328335157
20250625,LMA,ELC,19,0.009555047954077927
20250625,LMA,ELC,20,0.007598956534683442
20250625,LMA,ELC,21,0.008162414084764334
20250625,LMA,ELC,22,0.01010215759851522
20250625,LMA,ELC,23,0.010508147484358446
20250625,LMA,ELC,24,0.010797349373194197
20250625,LMA,ELC,25,0.011157848692298616
20250625,LMA,ELC,26,0.016148840031512766
20250625,LMA,ELC,27,0.02044443082724607
20250625,LMA,ELC,28,0.01817182486594434
20250625,LMA,ELC,29,0.02131376730757063
20250625,LMA,ELC,30,0.019445142132098064
20250625,LMA,ELC,31,0.013983348699746035
20250625,LMA,ELC,32,0.018945317549206996
20250625,LMA,ELC,33,0.01294969780415815
20250625,LMA,ELC,34,0.012953700020224643
20250625,LMA,ELC,35,0.02129464031236103
20250625,LMA,ELC,36,0.01579496887661445
20250625,LMA,ELC,37,0.014531741476440785
20250625,LMA,ELC,38,0.016188707848955187
20250625,LMA,ELC,39,0.014922904239990747
20250625,LMA,ELC,40,0.010372345910605046
20250625,LMA,ELC,41,0.010467468092634833
20250625,LMA,ELC,42,0.0070204565361641855
20250625,LMA,ELC,43,0.013837146830636865
20250625,LMA,ELC,44,0.02010392573021193
20250625,LMA,ELC,45,0.03552115733928597
20250625,LMA,ELC3,1,0.01970696209490063
20250625,LMA,ELC3,2,0.030148801244156753
20250625,LMA,ELC3,3,0.029280095504356406
20250625,LMA,ELC3,4,0.07133531552397701
20250625,LMA,ELC3,5,0.057888060603859835
20250625,LMA,ELC3,6,0.0714119669718378
20250625,LMA,ELC3,7,0.0682626957323658
20250625,LMA,ELC3,8,0.04904988568947801
20250625,LMA,ELC3,9,0.034362912964825076
20250625,LMA,ELC3,10,0.04485451500051005
20250625,LMA,ELC3,11,0.03643556422094762
20250625,LMA,ELC3,12,0.023309900298221276
20250625,LMA,ELC3,13,0.014823395684812075
20250625,LMA,ELC3,14,0.00895853614205919
20250625,LMA,ELC3,15,0.005894503813698285
20250625,LMA,ELC3,16,0.012598394097433019
20250625,LMA,ELC3,17,0.008325475930725124
20250625,LMA,ELC3,18,0.011059564328335157
20250625,LMA,ELC3,19,0.009555047954077927
20250625,LMA,ELC3,20,0.007598956534683442
20250625,LMA,ELC3,21,0.008162414084764334
20250625,LMA,ELC3,22,0.01010215759851522
20250625,LMA,ELC3,23,0.010508147484358446
20250625,LMA,ELC3,24,0.010797349373194197
20250625,LMA,ELC3,25,0.011157848692298616
20250625,LMA,ELC3,26,0.016148840031512766
20250625,LMA,ELC3,27,0.02044443082724607
20250625,LMA,ELC3,28,0.01817182486594434
20250625,LMA,ELC3,29,0.02131376730757063
20250625,LMA,ELC3,30,0.019445142132098064
20250625,LMA,ELC3,31,0.013983348699746035
20250625,LMA,ELC3,32,0.018945317549206996
20250625,LMA,ELC3,33,0.01294969780415815
20250625,LMA,ELC3,34,0.012953700020224643
20250625,LMA,ELC3,35,0.02129464031236103
20250625,LMA,ELC3,36,0.01579496887661445
20250625,LMA,ELC3,37,0.014531741476440785
20250625,LMA,ELC3,38,0.016188707848955187
20250625,LMA,ELC3,39,0.014922904239990747
20250625,LMA,ELC3,40,0.010372345910605046
20250625,LMA,ELC3,41,0.010467468092634833
20250625,LMA,ELC3,42,0.0070204565361641855
20250625,LMA,ELC3,43,0.013837146830636865
20250625,LMA,ELC3,44,0.02010392573021193
20250625,LMA,ELC3,45,0.03552115733928597
20250625,LAI,RTM,1,0.005212144336360016
20250625,LAI,RTM,2,0.004287331749700531
20250625,LAI,RTM,3,0.003397191837861008
20250625,LAI,RTM,4,0.005202074492077748
20250625,LAI,RTM,5,0.007701441423755095
20250625,LAI,RTM,6,0.008299679340682334
20250625,LAI,RTM,7,0.009288486018794156
20250625,LAI,RTM,8,0.006371557071521175
20250625,LAI,RTM,9,0.006366721938088257
20250625,LAI,RTM,10,0.0046318947505915595
20250625,LAI,RTM,11,0.0035790274145860224
20250625,LAI,RTM,12,0.0035858048699307283
20250625,LAI,RTM,13,0.005170010858715758
20250625,LAI,RTM,14,0.004944443713851587
20250625,LAI,RTM,15,0.004851287343955872
20250625,LAI,RTM,16,0.004477781764602112
20250625,LAI,RTM,17,0.0016296845246243426
20250625,LAI,RTM,18,0.00284592923901147
20250625,LAI,RTM,19,0.0026005485344893983
20250625,LAI,RTM,20,0.004576189630780536
20250625,LAI,RTM,21,0.012802090720788445
20250625,LAI,RTM,22,0.004635535072356936
20250625,LAI,RTM,23,0.0034720044740477714
20250625,LAI,RTM,24,0.041580819752681186
20250625,LAI,RTM,25,0.040213710581404875
20250625,LAI,RTM,26,0.04443043816307175
20250625,LAI,RTM,27,0.052336035212938246
20250625,LAI,RTM,28,0.04312377948798922
20250625,LAI,RTM,29,0.045855901192068435
20250625,LAI,RTM,30,0.056197182673590404
20250625,LAI,RTM,31,0.031690354472679975
20250625,LAI,RTM,32,0.028219843123492537
20250625,LAI,RTM,33,0.029040731780922608
20250625,LAI,RTM,34,0.028676170355714774
20250625,LAI,RTM,35,0.06030619722737285
20250625,LAI,RTM,36,0.017150761586141074
20250625,LAI,RTM,37,0.030507071156039088
20250625,LAI,RTM,38,0.023677048883627073
20250625,LAI,RTM,39,0.03642033082070956
20250625,LAI,RTM,40,0.042797749528503085
20250625,LAI,RTM,41,0.04436581550797631
20250625,LAI,RTM,42,0.020295103407956788
20250625,LAI,RTM,43,0.04568659411035471
20250625,LAI,RTM,44,0.07060276009540908
20250625,LAI,RTM,45,0.0468967397581835
20250625,LAI,ELC,1,0.002957935213125734
20250625,LAI,ELC,2,0.004183589242247471
20250625,LAI,ELC,3,0.0035999834189206228
20250625,LAI,ELC,4,0.005706226077294566
20250625,LAI,ELC,5,0.005743278931845779
20250625,LAI,ELC,6,0.0055703732040659724
20250625,LAI,ELC,7,0.005176234537946537
20250625,LAI,ELC,8,0.011973487987865818
20250625,LAI,ELC,9,0.005263456802265791
20250625,LAI,ELC,10,0.009723094722618368
20250625,LAI,ELC,11,0.00453000791548892
20250625,LAI,ELC,12,0.003031064832090009
20250625,LAI,ELC,13,0.0035089275590426995
20250625,LAI,ELC,14,0.005101713355169964
20250625,LAI,ELC,15,0.003622057257456196
20250625,LAI,ELC,16,0.0044506806059531525
20250625,LAI,ELC,17,0.0034234783539590793
20250625,LAI,ELC,18,0.0030581063552488305
20250625,LAI,ELC,19,0.0033694276038919143
20250625,LAI,ELC,20,0.004923900421525551
20250625,LAI,ELC,21,0.009637167806919296
20250625,LAI,ELC,22,0.009281456826760176
20250625,LAI,ELC,23,0.005023670172024866
20250625,LAI,ELC,24,0.03064804654407014
20250625,LAI,ELC,25,0.0339415722752051
20250625,LAI,ELC,26,0.043884249319214516
20250625,LAI,ELC,27,0.045210040584174084
20250625,LAI,ELC,28,0.042061394056707675
20250625,LAI,ELC,29,0.037283756049852
20250625,LAI,ELC,30,0.054167885765816146
20250625,LAI,ELC,31,0.03979283063169946
20250625,LAI,ELC,32,0.03164115440030248
20250625,LAI,ELC,33,0.022624699548837994
20250625,LAI,ELC,34,0.030769471863606616
20250625,LAI,ELC,35,0.05068191643904311
20250625,LAI,ELC,36,0.011472499392930168
20250625,LAI,ELC,37,0.02422758256689766
20250625,LAI,ELC,38,0.024282666691828075
20250625,LAI,ELC,39,0.031904749660020146
20250625,LAI,ELC,40,0.027466835384936446
20250625,LAI,ELC,41,0.04234063916428049
20250625,LAI,ELC,42,0.017981053804865445
20250625,LAI,ELC,43,0.03388942576867497
20250625,LAI,ELC,44,0.10148446766851546
20250625,LAI,ELC,45,0.09938374321479444
20250625,LAI,ELC3,1,0.002957935213125734
20250625,LAI,ELC3,2,0.004183589242247471
20250625,LAI,ELC3,3,0.0035999834189206228
20250625,LAI,ELC3,4,0.005706226077294566
20250625,LAI,ELC3,5,0.005743278931845779
20250625,LAI,ELC3,6,0.0055703732040659724
20250625,LAI,ELC3,7,0.005176234537946537
20250625,LAI,ELC3,8,0.011973487987865818
20250625,LAI,ELC3,9,0.005263456802265791
20250625,LAI,ELC3,10,0.009723094722618368
20250625,LAI,ELC3,11,0.00453000791548892
20250625,LAI,ELC3,12,0.003031064832090009
20250625,LAI,ELC3,13,0.0035089275590426995
20250625,LAI,ELC3,14,0.005101713355169964
20250625,LAI,ELC3,15,0.003622057257456196
20250625,LAI,ELC3,16,0.0044506806059531525
20250625,LAI,ELC3,17,0.0034234783539590793
20250625,LAI,ELC3,18,0.0030581063552488305
20250625,LAI,ELC3,19,0.0033694276038919143
20250625,LAI,ELC3,20,0.004923900421525551
20250625,LAI,ELC3,21,0.009637167806919296
20250625,LAI,ELC3,22,0.009281456826760176
20250625,LAI,ELC3,23,0.005023670172024866
20250625,LAI,ELC3,24,0.03064804654407014
20250625,LAI,ELC3,25,0.0339415722752051
20250625,LAI,ELC3,26,0.043884249319214516
20250625,LAI,ELC3,27,0.045210040584174084
20250625,LAI,ELC3,28,0.042061394056707675
20250625,LAI,ELC3,29,0.037283756049852
20250625,LAI,ELC3,30,0.054167885765816146
20250625,LAI,ELC3,31,0.03979283063169946
20250625,LAI,ELC3,32,0.03164115440030248
20250625,LAI,ELC3,33,0.022624699548837994
20250625,LAI,ELC3,34,0.030769471863606616
20250625,LAI,ELC3,35,0.05068191643904311
20250625,LAI,ELC3,36,0.011472499392930168
20250625,LAI,ELC3,37,0.02422758256689766
20250625,LAI,ELC3,38,0.024282666691828075
20250625,LAI,ELC3,39,0.031904749660020146
20250625,LAI,ELC3,40,0.027466835384936446
20250625,LAI,ELC3,41,0.04234063916428049
20250625,LAI,ELC3,42,0.017981053804865445
20250625,LAI,ELC3,43,0.03388942576867497
20250625,LAI,ELC3,44,0.10148446766851546
20250625,LAI,ELC3,45,0.09938374321479444
20250625,LNC,RTM,1,0.07964389000927216
20250625,LNC,RTM,2,0.03094026069700979
20250625,LNC,RTM,3,0.029298543139114973
20250625,LNC,RTM,4,0.018844601642646546
20250625,LNC,RTM,5,0.03035913765521726
20250625,LNC,RTM,6,0.024134726120530886
20250625,LNC,RTM,7,0.035857307654899376
20250625,LNC,RTM,8,0.04049712967493827
20250625,LNC,RTM,9,0.015535826938371114
20250625,LNC,RTM,10,0.013546138384464612
20250625,LNC,RTM,11,0.008657467669990943
20250625,LNC,RTM,12,0.007279744836151426
20250625,LNC,RTM,13,0.006691831701516703
20250625,LNC,RTM,14,0.007933012161030626
20250625,LNC,RTM,15,0.0054093414703266915
20250625,LNC,RTM,16,0.004929030375124143
20250625,LNC,RTM,17,0.007406324368934236
20250625,LNC,RTM,18,0.004429607603537391
20250625,LNC,RTM,19,0.006135247785453662
20250625,LNC,RTM,20,0.00780791699893154
20250625,LNC,RTM,21,0.008967249228848811
20250625,LNC,RTM,22,0.007531178725160947
20250625,LNC,RTM,23,0.003960274898691178
20250625,LNC,RTM,24,0.026411862842284906
20250625,LNC,RTM,25,0.01775794034425226
20250625,LNC,RTM,26,0.03310361736368373
20250625,LNC,RTM,27,0.04018930504389491
20250625,LNC,RTM,28,0.036698402880543754
20250625,LNC,RTM,29,0.0311745514642023
20250625,LNC,RTM,30,0.04490811949030561
20250625,LNC,RTM,31,0.02869320875722616
20250625,LNC,RTM,32,0.027550035672936547
20250625,LNC,RTM,33,0.023696810715422727
20250625,LNC,RTM,34,0.021397618297756188
20250625,LNC,RTM,35,0.04371784570456246
20250625,LNC,RTM,36,0.019421189978658476
20250625,LNC,RTM,37,0.02022394519331436
20250625,LNC,RTM,38,0.017833454543562215
20250625,LNC,RTM,39,0.018397816440066425
20250625,LNC,RTM,40,0.021405239786850647
20250625,LNC,RTM,41,0.025345551457661118
20250625,LNC,RTM,42,0.005985809326741661
20250625,LNC,RTM,43,0.024372206195464735
20250625,LNC,RTM,44,0.03638399768812377
20250625,LNC,RTM,45,0.029535681072321796
20250625,LNC,ELC,1,0.0407976439977111
20250625,LNC,ELC,2,0.037622679066020445
20250625,LNC,ELC,3,0.02486696310704326
20250625,LNC,ELC,4,0.026977120489325192
20250625,LNC,ELC,5,0.025254506784917075
20250625,LNC,ELC,6,0.0411444489317892
20250625,LNC,ELC,7,0.0366949518970854
20250625,LNC,ELC,8,0.02799176710914931
20250625,LNC,ELC,9,0.02784792276101894
20250625,LNC,ELC,10,0.022998493957071132
20250625,LNC,ELC,11,0.02258229572702595
20250625,LNC,ELC,12,0.010103733396872903
20250625,LNC,ELC,13,0.00821118834211351
20250625,LNC,ELC,14,0.00799045955810119
20250625,LNC,ELC,15,0.004740409602534104
20250625,LNC,ELC,16,0.00431376701022705
20250625,LNC,ELC,17,0.006722879775244825
20250625,LNC,ELC,18,0.005193962324243813
20250625,LNC,ELC,19,0.0027905342390438345
20250625,LNC,ELC,20,0.008076667600633155
20250625,LNC,ELC,21,0.009380668144939649
20250625,LNC,ELC,22,0.0044079452293999555
20250625,LNC,ELC,23,0.005201599608110598
20250625,LNC,ELC,24,0.02487686369734242
20250625,LNC,ELC,25,0.01794533586566633
20250625,LNC,ELC,26,0.02358466014123916
20250625,LNC,ELC,27,0.03426531341338282
20250625,LNC,ELC,28,0.03597494297803048
20250625,LNC,ELC,29,0.028203353631138905
20250625,LNC,ELC,30,0.037913162389600547
20250625,LNC,ELC,31,0.041022499707570985
20250625,LNC,ELC,32,0.027788013838917814
20250625,LNC,ELC,33,0.02514078987332678
20250625,LNC,ELC,34,0.022285756863150173
20250625,LNC,ELC,35,0.037777172297259166
20250625,LNC,ELC,36,0.014542993894879392
20250625,LNC,ELC,37,0.019604570072402454
20250625,LNC,ELC,38,0.016186807884345
20250625,LNC,ELC,39,0.016245920377536412
20250625,LNC,ELC,40,0.019813358690441905
20250625,LNC,ELC,41,0.03000357327561254
20250625,LNC,ELC,42,0.009975966740449706
20250625,LNC,ELC,43,0.023312042128788873
20250625,LNC,ELC,44,0.046510851832383
20250625,LNC,ELC,45,0.03511344174691357
20250625,LNC,ELC3,1,0.0407976439977111
20250625,LNC,ELC3,2,0.037622679066020445
20250625,LNC,ELC3,3,0.02486696310704326
20250625,LNC,ELC3,4,0.026977120489325192
20250625,LNC,ELC3,5,0.025254506784917075
20250625,LNC,ELC3,6,0.0411444489317892
20250625,LNC,ELC3,7,0.0366949518970854
20250625,LNC,ELC3,8,0.02799176710914931
20250625,LNC,ELC3,9,0.02784792276101894
20250625,LNC,ELC3,10,0.022998493957071132
20250625,LNC,ELC3,11,0.02258229572702595
20250625,LNC,ELC3,12,0.010103733396872903
20250625,LNC,ELC3,13,0.00821118834211351
20250625,LNC,ELC3,14,0.00799045955810119
20250625,LNC,ELC3,15,0.004740409602534104
20250625,LNC,ELC3,16,0.00431376701022705
20250625,LNC,ELC3,17,0.006722879775244825
20250625,LNC,ELC3,18,0.005193962324243813
20250625,LNC,ELC3,19,0.0027905342390438345
20250625,LNC,ELC3,20,0.008076667600633155
20250625,LNC,ELC3,21,0.009380668144939649
20250625,LNC,ELC3,22,0.0044079452293999555
20250625,LNC,ELC3,23,0.005201599608110598
20250625,LNC,ELC3,24,0.02487686369734242
20250625,LNC,ELC3,25,0.01794533586566633
20250625,LNC,ELC3,26,0.02358466014123916
20250625,LNC,ELC3,27,0.03426531341338282
20250625,LNC,ELC3,28,0.03597494297803048
20250625,LNC,ELC3,29,0.028203353631138905
20250625,LNC,ELC3,30,0.037913162389600547
20250625,LNC,ELC3,31,0.041022499707570985
20250625,LNC,ELC3,32,0.027788013838917814
20250625,LNC,ELC3,33,0.02514078987332678
20250625,LNC,ELC3,34,0.022285756863150173
20250625,LNC,ELC3,35,0.037777172297259166
20250625,LNC,ELC3,36,0.014542993894879392
20250625,LNC,ELC3,37,0.019604570072402454
20250625,LNC,ELC3,38,0.016186807884345
20250625,LNC,ELC3,39,0.016245920377536412
20250625,LNC,ELC3,40,0.019813358690441905
20250625,LNC,ELC3,41,0.03000357327561254
20250625,LNC,ELC3,42,0.009975966740449706
20250625,LNC,ELC3,43,0.023312042128788873
20250625,LNC,ELC3,44,0.046510851832383
20250625,LNC,ELC3,45,0.03511344174691357
20250625,CNC,RTM,1,0.024794434360791973
20250625,CNC,RTM,2,0.022231614921093185
20250625,CNC,RTM,3,0.020411611446161552
20250625,CNC,RTM,4,0.01999097816444647
20250625,CNC,RTM,5,0.026191902448885897
20250625,CNC,RTM,6,0.01645875976326814
20250625,CNC,RTM,7,0.02921650962459611
20250625,CNC,RTM,8,0.0245712095889953
20250625,CNC,RTM,9,0.01460142305212033
20250625,CNC,RTM,10,0.008023859035496095
20250625,CNC,RTM,11,0.004307538649985536
20250625,CNC,RTM,12,0.002774146045753039
20250625,CNC,RTM,13,0.005877658376670945
20250625,CNC,RTM,14,0.0026122605681587275
20250625,CNC,RTM,15,0.0028712105175160802
20250625,CNC,RTM,16,0.001595176897061164
20250625,CNC,RTM,17,0.005853732380324887
20250625,CNC,RTM,18,0.0016288759289074819
20250625,CNC,RTM,19,0.005652323173297199
20250625,CNC,RTM,20,0.007157497924738324
20250625,CNC,RTM,21,0.004628955975822037
20250625,CNC,RTM,22,0.004267424893018649
20250625,CNC,RTM,23,0.0061219497089993
20250625,CNC,RTM,24,0.041846861914792255
20250625,CNC,RTM,25,0.0413896719031733
20250625,CNC,RTM,26,0.054806684979629636
20250625,CNC,RTM,27,0.0645111250544474
20250625,CNC,RTM,28,0.036168888367494004
20250625,CNC,RTM,29,0.03272033522445815
20250625,CNC,RTM,30,0.048938158265497696
20250625,CNC,RTM,31,0.035648678652892465
20250625,CNC,RTM,32,0.041276533452511276
20250625,CNC,RTM,33,0.02227124929183892
20250625,CNC,RTM,34,0.03485358140631249
20250625,CNC,RTM,35,0.04490526364979171
20250625,CNC,RTM,36,0.013620225874944668
20250625,CNC,RTM,37,0.016032464017811714
20250625,CNC,RTM,38,0.01732222629577118
20250625,CNC,RTM,39,0.02679327955793912
20250625,CNC,RTM,40,0.01972048881290545
20250625,CNC,RTM,41,0.0357462060396939
20250625,CNC,RTM,42,0.0065022765646351064
20250625,CNC,RTM,43,0.02362711194168753
20250625,CNC,RTM,44,0.041474023887343545
20250625,CNC,RTM,45,0.037983611398320065
20250625,CNC,ELC,1,0.022589198605559607
20250625,CNC,ELC,2,0.01425014207188561
20250625,CNC,ELC,3,0.01518616570692113
20250625,CNC,ELC,4,0.025373416020907646
20250625,CNC,ELC,5,0.02062624387595743
20250625,CNC,ELC,6,0.015749110637233693
20250625,CNC,ELC,7,0.02044217986413851
20250625,CNC,ELC,8,0.02678500525726054
20250625,CNC,ELC,9,0.02184537212765486
20250625,CNC,ELC,10,0.009323482682796206
20250625,CNC,ELC,11,0.005301031658168985
20250625,CNC,ELC,12,0.005498309722439456
20250625,CNC,ELC,13,0.009351915518890714
20250625,CNC,ELC,14,0.004808368472801264
20250625,CNC,ELC,15,0.0027925518373949363
20250625,CNC,ELC,16,0.0028267897414867237
20250625,CNC,ELC,17,0.0045538841440156495
20250625,CNC,ELC,18,0.003100679295544089
20250625,CNC,ELC,19,0.0058559514987984815
20250625,CNC,ELC,20,0.005718495254954862
20250625,CNC,ELC,21,0.004356951302168963
20250625,CNC,ELC,22,0.004314151629938067
20250625,CNC,ELC,23,0.007143052325711943
20250625,CNC,ELC,24,0.019680379374786207
20250625,CNC,ELC,25,0.027564141352391214
20250625,CNC,ELC,26,0.03601172783206902
20250625,CNC,ELC,27,0.05625705020661469
20250625,CNC,ELC,28,0.03576733035608623
20250625,CNC,ELC,29,0.04396929420273692
20250625,CNC,ELC,30,0.05723560394684117
20250625,CNC,ELC,31,0.046035435194958264
20250625,CNC,ELC,32,0.027931668425878114
20250625,CNC,ELC,33,0.023444447494512157
20250625,CNC,ELC,34,0.017528507059392635
20250625,CNC,ELC,35,0.03852293243556088
20250625,CNC,ELC,36,0.017713231901737597
20250625,CNC,ELC,37,0.02170820769830963
20250625,CNC,ELC,38,0.021324629521330178
20250625,CNC,ELC,39,0.023017343745250933
20250625,CNC,ELC,40,0.02249300996610106
20250625,CNC,ELC,41,0.03982876012359301
20250625,CNC,ELC,42,0.011398733681190107
20250625,CNC,ELC,43,0.03341910619636784
20250625,CNC,ELC,44,0.057933129144672815
20250625,CNC,ELC,45,0.06342288088699002
20250625,CNC,ELC3,1,0.022589198605559607
20250625,CNC,ELC3,2,0.01425014207188561
20250625,CNC,ELC3,3,0.01518616570692113
20250625,CNC,ELC3,4,0.025373416020907646
20250625,CNC,ELC3,5,0.02062624387595743
20250625,CNC,ELC3,6,0.015749110637233693
20250625,CNC,ELC3,7,0.02044217986413851
20250625,CNC,ELC3,8,0.02678500525726054
20250625,CNC,ELC3,9,0.02184537212765486
20250625,CNC,ELC3,10,0.009323482682796206
20250625,CNC,ELC3,11,0.005301031658168985
20250625,CNC,ELC3,12,0.005498309722439456
20250625,CNC,ELC3,13,0.009351915518890714
20250625,CNC,ELC3,14,0.004808368472801264
20250625,CNC,ELC3,15,0.0027925518373949363
20250625,CNC,ELC3,16,0.0028267897414867237
20250625,CNC,ELC3,17,0.0045538841440156495
20250625,CNC,ELC3,18,0.003100679295544089
20250625,CNC,ELC3,19,0.0058559514987984815
20250625,CNC,ELC3,20,0.005718495254954862
20250625,CNC,ELC3,21,0.004356951302168963
20250625,CNC,ELC3,22,0.004314151629938067
20250625,CNC,ELC3,23,0.007143052325711943
20250625,CNC,ELC3,24,0.019680379374786207
20250625,CNC,ELC3,25,0.027564141352391214
20250625,CNC,ELC3,26,0.03601172783206902
20250625,CNC,ELC3,27,0.05625705020661469
20250625,CNC,ELC3,28,0.03576733035608623
20250625,CNC,ELC3,29,0.04396929420273692
20250625,CNC,ELC3,30,0.05723560394684117
20250625,CNC,ELC3,31,0.046035435194958264
20250625,CNC,ELC3,32,0.027931668425878114
20250625,CNC,ELC3,33,0.023444447494512157
20250625,CNC,ELC3,34,0.017528507059392635
20250625,CNC,ELC3,35,0.03852293243556088
20250625,CNC,ELC3,36,0.017713231901737597
20250625,CNC,ELC3,37,0.02170820769830963
20250625,CNC,ELC3,38,0.021324629521330178
20250625,CNC,ELC3,39,0.023017343745250933
20250625,CNC,ELC3,40,0.02249300996610106
20250625,CNC,ELC3,41,0.03982876012359301
20250625,CNC,ELC3,42,0.011398733681190107
20250625,CNC,ELC3,43,0.03341910619636784
20250625,CNC,ELC3,44,0.057933129144672815
20250625,CNC,ELC3,45,0.06342288088699002
